title,handle,description,price,currency,tags,variants
Selection,selection,"<p><span data-sheets-userformat='{""2"":14717,""3"":{""1"":0,""3"":1},""5"":{""1"":[{""1"":2,""2"":0,""5"":{""1"":2,""2"":13421772}},{""1"":0,""2"":0,""3"":3},{""1"":1,""2"":0,""4"":2}]},""6"":{""1"":[{""1"":2,""2"":0,""5"":{""1"":2,""2"":0}},{""1"":0,""2"":0,""3"":3},{""1"":1,""2"":0,""4"":2}]},""7"":{""1"":[{""1"":2,""2"":0,""5"":{""1"":2,""2"":0}},{""1"":0,""2"":0,""3"":3},{""1"":1,""2"":0,""4"":2}]},""8"":{""1"":[{""1"":2,""2"":0,""5"":{""1"":2,""2"":0}},{""1"":0,""2"":0,""3"":3},{""1"":1,""2"":0,""4"":2}]},""9"":1,""11"":4,""14"":{""1"":3,""3"":1},""15"":""Arial"",""16"":9}' data-sheets-value='{""1"":2,""2"":""Comes from nutrient-rich coffee plots closest to the Araku habitations.\nDiversified shade, with silver oak trees entwined with pepper vines.\nA blend of washed, honey and natural processes.""}'>This coffee is ideal for those who savour a strong and full-bodied cup. It lends itself perfectly for an espresso or moka pot brew – a bold coffee experience. Savour the creamy and buttery notes with hints of chocolate. Best enjoyed black or even with a splash of milk.<br></span></p> <p><span data-sheets-userformat='{""2"":14717,""3"":{""1"":0,""3"":1},""5"":{""1"":[{""1"":2,""2"":0,""5"":{""1"":2,""2"":13421772}},{""1"":0,""2"":0,""3"":3},{""1"":1,""2"":0,""4"":2}]},""6"":{""1"":[{""1"":2,""2"":0,""5"":{""1"":2,""2"":0}},{""1"":0,""2"":0,""3"":3},{""1"":1,""2"":0,""4"":2}]},""7"":{""1"":[{""1"":2,""2"":0,""5"":{""1"":2,""2"":0}},{""1"":0,""2"":0,""3"":3},{""1"":1,""2"":0,""4"":2}]},""8"":{""1"":[{""1"":2,""2"":0,""5"":{""1"":2,""2"":0}},{""1"":0,""2"":0,""3"":3},{""1"":1,""2"":0,""4"":2}]},""9"":1,""11"":4,""14"":{""1"":3,""3"":1},""15"":""Arial"",""16"":9}' data-sheets-value='{""1"":2,""2"":""Comes from nutrient-rich coffee plots closest to the Araku habitations.\nDiversified shade, with silver oak trees entwined with pepper vines.\nA blend of washed, honey and natural processes.""}'>Not sure which grind to order? Checkout our grind size chart below for a quick brew tip!</span></p>",2360.00,,"coffee, ground_coffee, tag_caramel, tag_dark_chocolate, tag_honey, tag_sugarcane",Pouch / 1kg (250 gms X 4) / Whole Beans (₹2360.00); Pouch / 1kg (250 gms X 4) / Very Fine Grind (₹2360.00); Pouch / 1kg (250 gms X 4) / Fine Grind (₹2360.00); Pouch / 1kg (250 gms X 4) / Medium Grind (₹2360.00); Pouch / 1kg (250 gms X 4) / Coarse Grind (₹2360.00); Pouch / 500gms (250 gms X 2) / Whole Beans (₹1180.00); Pouch / 500gms (250 gms X 2) / Very Fine Grind (₹1180.00); Pouch / 500gms (250 gms X 2) / Fine Grind (₹1180.00); Pouch / 500gms (250 gms X 2) / Medium Grind (₹1180.00); Pouch / 500gms (250 gms X 2) / Coarse Grind (₹1180.00); Pouch / 250 gms / Whole Beans (₹590.00); Pouch / 250 gms / Very Fine Grind (₹590.00); Pouch / 250 gms / Fine Grind (₹590.00); Pouch / 250 gms / Medium Grind (₹590.00); Pouch / 250 gms / Coarse Grind (₹590.00); Tin / 1kg (250 gms X 4) / Whole Beans (₹2760.00); Tin / 1kg (250 gms X 4) / Very Fine Grind (₹2760.00); Tin / 1kg (250 gms X 4) / Fine Grind (₹2760.00); Tin / 1kg (250 gms X 4) / Medium Grind (₹2760.00); Tin / 1kg (250 gms X 4) / Coarse Grind (₹2760.00); Tin / 500gms (250 gms X 2) / Whole Beans (₹1380.00); Tin / 500gms (250 gms X 2) / Very Fine Grind (₹1380.00); Tin / 500gms (250 gms X 2) / Fine Grind (₹1380.00); Tin / 500gms (250 gms X 2) / Medium Grind (₹1380.00); Tin / 500gms (250 gms X 2) / Coarse Grind (₹1380.00); Tin / 250 gms / Whole Beans (₹690.00); Tin / 250 gms / Very Fine Grind (₹690.00); Tin / 250 gms / Fine Grind (₹690.00); Tin / 250 gms / Medium Grind (₹690.00); Tin / 250 gms / Coarse Grind (₹690.00)
Signature,signature,"<p>It symbolises the aromatic balance and roundness that defines our coffees and declares boldly their speciality status. Signature is a coffee for everyone; it’s full of rich character, and those with a discerning palate might even pick up a delicate resemblance to fine tea. The long and clean aftertaste remains sweet and fresh with a bold finish.</p> <p><span>Not sure which grind to order? Checkout our grind size chart below for a quick brew tip!</span></p>",2160.00,,"Category_Coffee, coffee, ground_coffee, tag_cherry, tag_dark_chocolate, tag_green_pepper",Pouch / 1kg (250 gms X 4) / Very Fine Grind (₹2160.00); Pouch / 1kg (250 gms X 4) / Whole Beans (₹2160.00); Pouch / 1kg (250 gms X 4) / Fine Grind (₹2160.00); Pouch / 1kg (250 gms X 4) / Medium Grind (₹2160.00); Pouch / 1kg (250 gms X 4) / Coarse Grind (₹2160.00); Pouch / 500gms (250 gms X 2) / Very Fine Grind (₹1020.00); Pouch / 500gms (250 gms X 2) / Whole Beans (₹1020.00); Pouch / 500gms (250 gms X 2) / Fine Grind (₹1020.00); Pouch / 500gms (250 gms X 2) / Medium Grind (₹1020.00); Pouch / 500gms (250 gms X 2) / Coarse Grind (₹1020.00); Pouch / 250 gms / Very Fine Grind (₹540.00); Pouch / 250 gms / Whole Beans (₹540.00); Pouch / 250 gms / Fine Grind (₹540.00); Pouch / 250 gms / Medium Grind (₹540.00); Pouch / 250 gms / Coarse Grind (₹540.00); Tin / 1kg (250 gms X 4) / Very Fine Grind (₹2520.00); Tin / 1kg (250 gms X 4) / Whole Beans (₹2520.00); Tin / 1kg (250 gms X 4) / Fine Grind (₹2520.00); Tin / 1kg (250 gms X 4) / Medium Grind (₹2520.00); Tin / 1kg (250 gms X 4) / Coarse Grind (₹2520.00); Tin / 500gms (250 gms X 2) / Very Fine Grind (₹1260.00); Tin / 500gms (250 gms X 2) / Whole Beans (₹1260.00); Tin / 500gms (250 gms X 2) / Fine Grind (₹1260.00); Tin / 500gms (250 gms X 2) / Medium Grind (₹1260.00); Tin / 500gms (250 gms X 2) / Coarse Grind (₹1260.00); Tin / 250 gms / Very Fine Grind (₹630.00); Tin / 250 gms / Whole Beans (₹630.00); Tin / 250 gms / Fine Grind (₹630.00); Tin / 250 gms / Medium Grind (₹630.00); Tin / 250 gms / Coarse Grind (₹630.00)
Micro Climate,micro-climate,"<p>Rich, mellow, intensely fruity, it offers an aroma laden cup. With its generous body and wholesome notes of candied fruit, it lends itself perfectly to filtered brew, pour overs or a French Press. A unique coffee from rare terroirs of gently sloping, diversely shaded highland micro-plots situated on a river island.</p> <p><span>Not sure which grind to order? Checkout our grind size chart below for a quick brew tip!</span></p>",2520.00,,"Category_Coffee, coffee, ground_coffee, tag_dried_berry, tag_grapes, tag_honey, tag_olives",Pouch / 1kg (250 gms X 4) / Whole Beans (₹2520.00); Pouch / 1kg (250 gms X 4) / Very Fine Grind (₹2520.00); Pouch / 1kg (250 gms X 4) / Fine Grind (₹2520.00); Pouch / 1kg (250 gms X 4) / Medium Grind (₹2520.00); Pouch / 1kg (250 gms X 4) / Coarse Grind (₹2520.00); Pouch / 500gms (250 gms X 2) / Whole Beans (₹1260.00); Pouch / 500gms (250 gms X 2) / Very Fine Grind (₹1260.00); Pouch / 500gms (250 gms X 2) / Fine Grind (₹1260.00); Pouch / 500gms (250 gms X 2) / Medium Grind (₹1260.00); Pouch / 500gms (250 gms X 2) / Coarse Grind (₹1260.00); Pouch / 250 gms / Whole Beans (₹630.00); Pouch / 250 gms / Very Fine Grind (₹630.00); Pouch / 250 gms / Fine Grind (₹630.00); Pouch / 250 gms / Medium Grind (₹630.00); Pouch / 250 gms / Coarse Grind (₹630.00); Tin / 1kg (250 gms X 4) / Whole Beans (₹2920.00); Tin / 1kg (250 gms X 4) / Very Fine Grind (₹2920.00); Tin / 1kg (250 gms X 4) / Fine Grind (₹2920.00); Tin / 1kg (250 gms X 4) / Medium Grind (₹2920.00); Tin / 1kg (250 gms X 4) / Coarse Grind (₹2920.00); Tin / 500gms (250 gms X 2) / Whole Beans (₹1460.00); Tin / 500gms (250 gms X 2) / Very Fine Grind (₹1460.00); Tin / 500gms (250 gms X 2) / Fine Grind (₹1460.00); Tin / 500gms (250 gms X 2) / Medium Grind (₹1460.00); Tin / 500gms (250 gms X 2) / Coarse Grind (₹1460.00); Tin / 250 gms / Whole Beans (₹730.00); Tin / 250 gms / Very Fine Grind (₹730.00); Tin / 250 gms / Fine Grind (₹730.00); Tin / 250 gms / Medium Grind (₹730.00); Tin / 250 gms / Coarse Grind (₹730.00)
Grand Reserve,grande-reserve,"<p>Easily one of our most refined offerings, Grand Reserve is distinguished by its silky, full-bodied mouthfeel, intense flavours and just a touch of acidity. It’s drawn from the highest and finest plots – the Grand Cru – among our coffees. It makes for a bold cup that can be savoured black or with a splash of milk. </p> <p><span data-sheets-userformat='{""2"":14717,""3"":{""1"":0,""3"":1},""5"":{""1"":[{""1"":2,""2"":0,""5"":{""1"":2,""2"":13421772}},{""1"":0,""2"":0,""3"":3},{""1"":1,""2"":0,""4"":2}]},""6"":{""1"":[{""1"":2,""2"":0,""5"":{""1"":2,""2"":0}},{""1"":0,""2"":0,""3"":3},{""1"":1,""2"":0,""4"":2}]},""7"":{""1"":[{""1"":2,""2"":0,""5"":{""1"":2,""2"":0}},{""1"":0,""2"":0,""3"":3},{""1"":1,""2"":0,""4"":2}]},""8"":{""1"":[{""1"":2,""2"":0,""5"":{""1"":2,""2"":0}},{""1"":0,""2"":0,""3"":3},{""1"":1,""2"":0,""4"":2}]},""9"":1,""11"":4,""14"":{""1"":3,""3"":1},""15"":""Arial"",""16"":9}' data-sheets-value='{""1"":2,""2"":""Complex and artisanal, grown in high-altitude scree soils with bio-diverse conditions.\nThis coffee consists of washed and natural process.""}'>Not sure which grind to order? Checkout our grind size chart below for a quick brew tip!</span></p>",3560.00,,"Category_Coffee, coffee, ground_coffee, tag_citrus, tag_dates, tag_floral, tag_tropical_fruits",Pouch / 1kg (250 gms X 4) / Whole Beans (₹3560.00); Pouch / 1kg (250 gms X 4) / Very Fine Grind (₹3560.00); Pouch / 1kg (250 gms X 4) / Fine Grind (₹3560.00); Pouch / 1kg (250 gms X 4) / Medium Grind (₹3560.00); Pouch / 1kg (250 gms X 4) / Coarse Grind (₹3560.00); Pouch / 500gms (250 gms X 2) / Whole Beans (₹1780.00); Pouch / 500gms (250 gms X 2) / Very Fine Grind (₹1780.00); Pouch / 500gms (250 gms X 2) / Fine Grind (₹1780.00); Pouch / 500gms (250 gms X 2) / Medium Grind (₹1780.00); Pouch / 500gms (250 gms X 2) / Coarse Grind (₹1780.00); Pouch / 250 gms / Whole Beans (₹890.00); Pouch / 250 gms / Very Fine Grind (₹890.00); Pouch / 250 gms / Fine Grind (₹890.00); Pouch / 250 gms / Medium Grind (₹890.00); Pouch / 250 gms / Coarse Grind (₹890.00); Tin / 1kg (250 gms X 4) / Whole Beans (₹3920.00); Tin / 1kg (250 gms X 4) / Very Fine Grind (₹3920.00); Tin / 1kg (250 gms X 4) / Fine Grind (₹3920.00); Tin / 1kg (250 gms X 4) / Medium Grind (₹3920.00); Tin / 1kg (250 gms X 4) / Coarse Grind (₹3920.00); Tin / 500gms (250 gms X 2) / Whole Beans (₹1960.00); Tin / 500gms (250 gms X 2) / Very Fine Grind (₹1960.00); Tin / 500gms (250 gms X 2) / Fine Grind (₹1960.00); Tin / 500gms (250 gms X 2) / Medium Grind (₹1960.00); Tin / 500gms (250 gms X 2) / Coarse Grind (₹1960.00); Tin / 250 gms / Whole Beans (₹980.00); Tin / 250 gms / Very Fine Grind (₹980.00); Tin / 250 gms / Fine Grind (₹980.00); Tin / 250 gms / Medium Grind (₹980.00); Tin / 250 gms / Coarse Grind (₹980.00)
Pocket Brew – Collection,pocket-brew-collection-pour-over-arabica-coffee-drip-bags,"<p>From soil to cup, ARAKU is defined by its terroir—the unique combination of soil, climate, and altitude that gives our coffees their distinct character. With the <strong>Pocket Brew Collection</strong>, we’ve captured that story in elegant, single-serve drip bags you can brew anywhere. No grinder, no scale, no complicated equipment—just pure specialty coffee, simplified.</p> <p>Inside each box, you’ll experience three of ARAKU’s celebrated terroir-driven coffees:</p> <p><strong>Selection </strong>– smooth and balanced, perfect for everyday moments</p> <p><strong>Micro Climate</strong> – nuanced layers that reflect the diversity of our valley</p> <p><strong>Grand Reserve</strong> – rich, indulgent, and crafted for special occasions</p> <p>Whether you’re discovering specialty coffee for the first time or you’re a seasoned enthusiast seeking a travel-friendly solution, the Pocket Brew Collection makes it effortless to taste, compare, and choose your favorite ARAKU cup. Each drip bag is designed for consistency, freshness, and convenience—so you can enjoy café-quality coffee in just a few minutes.</p> <p>More than just a coffee kit, this collection is also a thoughtful gift. Presented in a beautifully designed, premium box, it’s perfect for colleagues, friends, and loved ones who appreciate craft, sustainability, and the joy of sharing great coffee.</p> <article class=""product-copy""> <p>What’s Inside: This pack contains 15 single-serve coffee sachets — 5 each of <em>Micro Climate</em>, <em>Selection</em>, and <em>Grand Reserve</em>.</p> <!-- Structured data microdata --> <meta itemprop=""brand"" content=""ARAKU Coffee""></article> <p><!-- Product JSON-LD --></p> <p> </p>",980.00,,"Category_Coffee, Category_Combo, coffee, Pocket brew, pocket_brews",Default Title (₹980.00)
Pocket Brew - Selection,pocket-brew-selection,"<p data-start=""234"" data-end=""421"">If you’re just starting your journey into specialty coffee, or you're someone who loves great coffee even while traveling, the ARAKU Coffee Pocket Brew Selection is made just for you.</p> <p data-start=""423"" data-end=""784"">Inside each pack, you’ll find 10 single-serve drip bag sachets filled with freshly ground Selection beans from ARAKU Coffee. These sachets are nitrogen-flushed to lock in freshness, aroma, and flavor until the moment you brew. Just tear one open, place it over a sturdy cup, pour in hot water, and enjoy barista-quality coffee—anytime, anywhere.</p> <p data-start=""786"" data-end=""908"">Whether you're commuting, flying, road-tripping, or simply need a quick fix at home, this is specialty coffee made simple.</p> <h3 data-start=""915"" data-end=""953"">Perfect for Travel &amp; Everyday Life</h3> <ul data-start=""955"" data-end=""1127""> <li data-start=""955"" data-end=""1019""> <p data-start=""957"" data-end=""1019"">Lightweight and compact—fits in your bag, purse, or carry-on</p> </li> <li data-start=""1020"" data-end=""1072""> <p data-start=""1022"" data-end=""1072"">No need for coffee gear—just a cup and hot water</p> </li> <li data-start=""1073"" data-end=""1127""> <p data-start=""1075"" data-end=""1127"">Ideal for flights, hotels, hikes, or busy mornings</p> </li> </ul> <h3 data-start=""1134"" data-end=""1163"">Great Coffee, Made Simply</h3> <ul data-start=""1165"" data-end=""1417""> <li data-start=""1165"" data-end=""1260""> <p data-start=""1167"" data-end=""1260"">Filled with 100% organic ground Selection beans from ARAKU Coffee’s tribal farmer community</p> </li> <li data-start=""1261"" data-end=""1329""> <p data-start=""1263"" data-end=""1329"">Nitrogen-flushed to preserve freshness and flavor with every cup</p> </li> <li data-start=""1330"" data-end=""1417""> <p data-start=""1332"" data-end=""1417"">Created for people new to specialty coffee or looking for a simpler way to enjoy it</p> </li> </ul>",580.00,,"Category_Coffee, coffee, Pocket brew, pocket_brews, tag_caramel, tag_dark_chocolate, tag_honey, tag_sugarcane",Default Title (₹580.00)
Pocket Brew - Grand Reserve,pocket-brew-grand-reserve,"<p>Our single-serve coffee packs combine the speed of an instant brew with the unrivalled quality of ARAKU's specialty coffee. As the name suggests, these drip bag sachets fit any pocket or purse and offer an extremely portable coffee. Each sachet is packaged individually and nitrogen-flushed to maintain the coffee's integrity and freshness. Suited for the airplane, the open road, hotels, offices, or even when you just need a quick fix at home. A sturdy cup and hot water does the trick.  </p> <p>This pack contains 10 individual sachets.  </p>",680.00,,"Category_Coffee, coffee, Pocket brew, pocket_brews, tag_citrus, tag_dates, tag_floral, tag_tropical_fruits",Default Title (₹680.00)
Pocket Brew - Micro Climate,pocket-brew-micro-climate,"<p>Our single-serve coffee packs combine the speed of an instant brew with the unrivalled quality of ARAKU's specialty coffee. As the name suggests, these drip bag sachets fit any pocket or purse and offer an extremely portable coffee. Each sachet is packaged individually and nitrogen-flushed to maintain the coffee's integrity and freshness. Suited for the airplane, the open road, hotels, offices, or even when you just need a quick fix at home. A sturdy cup and hot water does the trick.  </p> <p>This pack contains 10 individual sachets.  </p>",580.00,,"Category_Coffee, coffee, Pocket brew, pocket_brews, tag_dried_berry, tag_grapes, tag_honey, tag_olives",Default Title (₹580.00)
Taste the Terroir: Coffee Sampler Pack,coffee-sampler-pack-taste-the-terroir,"<p>In specialty coffee, flavour begins long before roasting — it begins in the land.</p> <p>This Terroir Coffee Sample Pack is an invitation to explore how altitude, soil, micro-climate, and careful cultivation shape what you taste in the cup. Each coffee in this set comes from a distinct growing environment, allowing you to experience how terroir expresses itself through sweetness, acidity, body, and aroma.</p> <p>Curated for both discovery and comparison, this set lets you brew the coffees side by side, slow down, and understand your own preferences — before choosing a larger pouch.</p> <p>The collection includes four 100% Arabica coffees:</p> <p>Selection – Medium Dark Roast<br>Rounded and balanced, with deeper body and comforting sweetness</p> <p>Signature – Medium Roast<br>Smooth and versatile, designed for everyday clarity and balance</p> <p>Grand Reserve – Medium Roast<br>Layered and refined, highlighting complexity and structure</p> <p>Micro Climate – Medium Roast<br>Nuanced and expressive, shaped by specific micro-regional conditions</p> <p>Roasted to highlight origin character rather than bitterness, each coffee reflects ARAKU’s commitment to traceability, craft, and flavour clarity.</p> <p>Ideal for mindful brewing, thoughtful gifting, or anyone looking to deepen their understanding of specialty coffee — one cup at a time.</p>",1480.00,,"Category_Coffee, coffee, ground_coffee",100 gms (each) / Whole Beans (₹1480.00); 100 gms (each) / Coarse Grind (₹1480.00); 100 gms (each) / Medium Grind (₹1480.00); 100 gms (each) / Fine Grind (₹1480.00); 100 gms (each) / Very Fine Grind (₹1480.00)
