roaster,name,price,currency,description,product_url,image_url,variant_prices,roast_type
Maverick and Farmer,Airscape Coffee Canister - coffee storage for freshness,Rs. 3000.00,INR,"Moisture and air are roasted coffee's biggest enemies! Keep your coffee fresh with this patented freshness-locking system. This canister, or coffee reusable container, comes with two lids. The inner lid can be pushed down towards the level of the coffee and then locked to create a vacuum that does not allow any air or moisture inside. As you keep using your coffee beans or powder the lid can be pushed further down so that there is hardly any gap between the coffee and the lid. How do you store coffee to keep it fresh? here is your answer.
[Meta Description]:   Moisture and air are roasted coffee's biggest enemies! Keep your coffee fresh with this patented freshness-locking system. This canister, or coffee reusable container, comes with two lids. The inner lid can be pushed down towards the level of the coffee and then locked to create a vacuum that does not allow any air o",https://www.maverickandfarmer.com/products/airscape-coffee-canister-coffee-storage-for-freshness,https://cdn.shopify.com/s/files/1/0296/1568/5768/products/airscapecoffeestoragecanister1.jpg?v=1591106538,:3000.00,
Maverick and Farmer,Arabica Tasters Set,Rs. 760.00,INR,"5 of our most popular single estate Arabica coffees. From our lightest roast (Say Hello To Mellow) to our darkest (Tall Dark Handsome), these arabicas are each a distinct bag of fabulousness. Perfect if you are setting out to choose your favourite amongst Maverick &amp; Farmers arabicas or if you simply are looking for a different coffee each day of the week. Our Arabica Coffee Flight is a great gifting option too! Each pack contains 50 gms of freshly roasted Arabica. Choose your grind size (or whole beans if you wish) and we'll do the rest!
[Meta Description]: 5 of our most popular single estate Arabica coffees. From our lightest roast (Say Hello To Mellow) to our darkest (Tall Dark Handsome), these arabicas are each a distinct bag of fabulousness. Perfect if you are setting out to choose your favourite amongst Maverick &amp; Farmers arabicas or if you simply are looking for",https://www.maverickandfarmer.com/products/arabica-coffee-flight,https://cdn.shopify.com/s/files/1/0296/1568/5768/products/arabicatastersmain.jpg?v=1611911839,250g:760.00,
Maverick and Farmer,Biker's Blend,Rs. 650.00,INR,"A bold expression of 100% Arabica, this single-estate coffee is crafted for those who live for the journey as much as the destination. Sourced directly from our partner farms and roasted to a medium-dark profile, it delivers a rich, full-bodied cup with deep, lingering notes that fuel every ride. 
 Biker's Blend is more than a blend- it’s a story of connection. From the hands that nurture the beans to the roads that carry you forward, this coffee bridges origin and experience. Expect a bold yet balanced flavour, with a smooth intensity that resonates with riders, explorers, and coffee lovers alike. 
 Whether you’re starting your morning or pausing mid-ride, this is a cup that keeps up with your pace- strong, grounded, and unapologetically bold. 
  Bean: 100% Arabica.  
  Process: 80% washed, and the rest is a natural process.    
  Tasting notes: Raisins and Milk Chocolate  
  Quantity- 250g
[Meta Description]: A bold expression of 100% Arabica, this single-estate coffee is crafted for those who live for the journey as much as the destination. Sourced directly from our partner farms and roasted to a medium-dark profile, it delivers a rich, full-bodied cup with deep, lingering notes that fuel every ride. Biker's Blend is more ",https://www.maverickandfarmer.com/products/bikers-blend,https://cdn.shopify.com/s/files/1/0296/1568/5768/files/WhatsAppImage2026-03-30at11.28.03AM.jpg?v=1774867204,:650.00,
Maverick and Farmer,BLR Drums Collective - Jam Session,,INR,"BLR Drums Collective is bringing the beat to   Maverick &amp; Farmer’s Harvest Festival   at Ulsoor- and yes, you’re invited!  
  This isn’t just another weekend plan.      It’s rhythm, connection, and celebration- the BDC way.      A space to drum, dance, and just   be  .  
 Bring your own instrument- or come clap, dance, and feel the vibe No instrument? Rent a djembe at the venue for Rs 250 (first come, first served) Kids under 5 join free (register if they need a seat) 
 
 
  Where: Maverick &amp; Farmer Coffee, Ulsoor!   
  When: 28th Feb 2026, 5:00 PM to 6:30 PM
[Meta Description]: BLR Drums Collective is bringing the beat to Maverick &amp; Farmer’s Harvest Festival at Ulsoor- and yes, you’re invited! This isn’t just another weekend plan. It’s rhythm, connection, and celebration- the BDC way. A space to drum, dance, and just be. Bring your own instrument- or come clap, dance, and feel the vibeNo ",https://www.maverickandfarmer.com/products/blr-drums-collective-jam-session,https://cdn.shopify.com/s/files/1/0296/1568/5768/files/Screenshot2026-02-20103457_9534cfd5-2685-41d4-9c56-a95e7ba9b0a7.png?v=1771565924,,
Maverick and Farmer,Blue mountain coffee tasting table,Rs. 480.00,INR,"Coffee tasting table at Maverick &amp; Farmer, church street.  
 Our co-founder Ashish D’abreo scored some good quality Jamaican Blue Mountain coffee and we’re putting it out on our tasting table. 
 Have you ever been curious about what the fuss is all about? Come taste with us!      
  We have very few spots, so grab one quick!  
  Where? Maverick &amp; Farmer cafe, Church street Bengaluru.  
  When? Saturday, 17th January 2026. 4:30 p.m  
   Limited seats. Pre-registration required.
[Meta Description]: Coffee tasting table at Maverick &amp; Farmer, church street. Our co-founder Ashish D’abreo scored some good quality Jamaican Blue Mountain coffee and we’re putting it out on our tasting table. Have you ever been curious about what the fuss is all about? Come taste with us!  We have very few spots, so grab one quick! W",https://www.maverickandfarmer.com/products/blue-mountain-coffee-tasting-table,https://cdn.shopify.com/s/files/1/0296/1568/5768/files/F1473DD2-28D2-41A3-A055-FEE8C3927175.jpg?v=1767703724,:480.00,
Maverick and Farmer,Brace for the summer - A cold brew and cold foam Masterclass with Ashish D'abreo,Rs. 800.00,INR,"Brace for the Summer is a cold brew coffee workshop with special emphasis on perfecting your cold foam game! 
 Cold foam is all the rage and with the prediction of a loooong and sapping summer, it is the perfect accompaniment to your cold brew beverages.  
 Learn all the tips and tricks, the little hacks, and the techniques needed to perfect this cold foam as well as get your cold brew coffee batch spot on every single time.  
 Conducted by our co-founder and Q Grader    Ashish D’abreo,    this is an opportunity that you don't want to let go easily. 
  We have only 12 spots, so grab one quickly!  
  Where? Veronica's, Bandra West, Mumbai.  
  When? Sunday, 22nd March 2026. 5:00 p.m
[Meta Description]: Brace for the Summer is a cold brew coffee workshop with special emphasis on perfecting your cold foam game! Cold foam is all the rage and with the prediction of a loooong and sapping summer, it is the perfect accompaniment to your cold brew beverages.  Learn all the tips and tricks, the little hacks, and the technique",https://www.maverickandfarmer.com/products/brace-for-the-summer,https://cdn.shopify.com/s/files/1/0296/1568/5768/files/WhatsAppImage2026-02-27at4.14.52PM_1.jpg?v=1772783870,:800.00,
Maverick and Farmer,Brewin'-a-cup : Parama,Rs. 600.00,INR,"Our hugely popular Parama blend finds a new avatar with this easy-to-brew all in one pour-over filter. Parama is our luxury blend, with bold notes of chocolate and caramel with a creamy mouthfeel. Perfect if you like something bold and black or if you are adding milk or any whitener.  
 All you need is a cup, to brew this luxury blend. Simply tear open the sachet, strap the filter onto your favourite cup, pour hot water, and count the minutes until you can immerse yourself in some coffee goodness.
[Meta Description]: Our hugely popular Parama blend finds a new avatar with this easy-to-brew all in one pour-over filter. Parama is our luxury blend, with bold notes of chocolate and caramel with a creamy mouthfeel. Perfect if you like something bold and black or if you are adding milk or any whitener.  All you need is a cup, to brew thi",https://www.maverickandfarmer.com/products/brewin-a-cup-parama,https://cdn.shopify.com/s/files/1/0296/1568/5768/products/IMG_2287.jpg?v=1626261788,:600.00,
Maverick and Farmer,Brewin'-a-cup : Tall Dark Handsome,Rs. 500.00,INR,"All you need is a cup, of this beautiful French (dark) roast Arabica.  The coffee has a dark, bitter-sweet and mildly smoky flavour. 100% single estate Arabica, perfect for milk-based coffee or a strong black coffee.  
 All you need is a cup, to brew this coffee! Simply place this filter on your favourite coffee cup, pour hot water, brew for as long as you like (we recommend 3-4 minutes), add milk and/or sweetner if you want, and you're good to go! No other equipment or filter needed.
[Meta Description]: All you need is a cup, of this beautiful French (dark) roast Arabica. The coffee has a dark, bitter-sweet and mildly smoky flavour. 100% single estate Arabica, perfect for milk-based coffee or a strong black coffee. All you need is a cup, to brew this coffee! Simply place this filter on your favourite coffee cup, pour ",https://www.maverickandfarmer.com/products/brewin-a-cup-tall-dark-handsome,https://cdn.shopify.com/s/files/1/0296/1568/5768/products/2.jpg?v=1626185539,:500.00,
Maverick and Farmer,Brewing on the X Bloom’s by Kaapi Machines,Rs. 799.00,INR,"xBloom Original – The Smartest Way to Brew Specialty Coffee 
 The xBloom Original is an advanced automatic coffee brewer that redefines home and office coffee experiences. Designed to replicate the precision of a barista’s pour-over technique, it seamlessly integrates grinding, dosing, and brewing into a single touchless process. Featuring RFID-enabled smart brewing, it recognizes pre-set coffee profiles and adjusts grind size, water flow, and temperature to match the coffee’s optimal extraction parameters. With its built-in burr grinder, the xBloom ensures freshly ground coffee for each cup. The gooseneck pour system mimics expert pouring motions, delivering even saturation and enhanced flavor. A minimalist touchscreen interface provides intuitive controls for effortless brewing. Ideal for coffee enthusiasts seeking precision, convenience, and café-quality results, the xBloom eliminates guesswork while preserving the craft of specialty coffee. Whether at home or in the office, it guarantees a flawless cup with every brew—all at the press of a button. 
 xBloom Studio KEY FEATURES: 
 1. Built-In Smart Grinder: Freshly grinds coffee beans to the perfect consistency for each brew. 2. RFID-Enabled Brewing Profiles: It auto-detects coffee parameters for precise, hands-free brewing. 3. Barista-Level Pour-Over Replication: Simulates expert pouring techniques for optimal flavor extraction. 4. Intuitive Touchscreen Controls: Simple user interface for seamless operation and customization. 5. Sleek &amp; Minimalist Design: Modern aesthetic that complements any kitchen or workspace. 
  
 
 
   
 
  Where: Maverick &amp; Farmer Coffee, Ulsoor!   
  When: 1st Mar 2026, 1:00 PM - 2:00 PM
[Meta Description]: xBloom Original – The Smartest Way to Brew Specialty Coffee The xBloom Original is an advanced automatic coffee brewer that redefines home and office coffee experiences. Designed to replicate the precision of a barista’s pour-over technique, it seamlessly integrates grinding, dosing, and brewing into a single touchless",https://www.maverickandfarmer.com/products/x-bloom-s-workshop,https://cdn.shopify.com/s/files/1/0296/1568/5768/files/Screenshot2026-02-20103457_a4292179-7267-4b90-bf74-df975c077592.png?v=1771866684,:799.00,
Maverick and Farmer,Cafe Chic,Rs. 550.00,INR,"Cafe Chic is our only South-Indian styled chicory blend, and is a tribute to the beautiful South Indian tradition of coffee drinking. The chicory (for those of you unfamiliar with chicory, it is the root of the chicory plant, which when roasted creates a flavour and aroma that is very similar to coffee, yet has a very unique taste profile. Initially considered an ‘adulterant’ because of high coffee costs during the Second World War, in France, chicory is now added to coffee to give it that distinct and unique taste). Our Chicory blended South Indian coffee has also got the extra  boldness that comes with a higher amount of Peaberry beans. We source our chicory from a farmer from one of India’s finest chicory-growing regions.
[Meta Description]: Cafe Chic is our only South-Indian styled chicory blend, and is a tribute to the beautiful South Indian tradition of coffee drinking. The chicory (for those of you unfamiliar with chicory, it is the root of the chicory plant, which when roasted creates a flavour and aroma that is very similar to coffee, yet has a very ",https://www.maverickandfarmer.com/products/cafe-chic,https://cdn.shopify.com/s/files/1/0296/1568/5768/products/cafechictemp_66e31ddb-701f-4698-8145-d08c1de1c7b9.jpg?v=1634223926,250g:550.00; 500g:980.00; 1000g:1780.00,
Maverick and Farmer,Clouds In My Coffee,Rs. 700.00,INR,"Clouds in My Coffee is a Monsooned Malabar coffee. Our single estate Arabica green coffee beans are kept in shipping containers by the coast for a few months. The moist sea air is absorbed by the beans and they bloat up and turn whitish. The taste profile of the coffee changes completely and makes for a really interesting specialty black coffee. Perfect for Americano or single-serve coffees such as pour-over / French press etc.   
 Bean: Arabica  
 Process: Washed, then Monsooned 
 Roast Profile: Medium light, quick roast. 
  Tasting notes: Earthy, Spice and nuts.
[Meta Description]: Clouds in My Coffee is a Monsooned Malabar coffee. Our single estate Arabica green coffee beans are kept in shipping containers by the coast for a few months. The moist sea air is absorbed by the beans and they bloat up and turn whitish. The taste profile of the coffee changes completely and makes for a really interest",https://www.maverickandfarmer.com/products/rohan-bopannas-masterblend,https://cdn.shopify.com/s/files/1/0296/1568/5768/products/07cca8a4-45bc-498a-a286-38eec8386d85_ac4ca422-18a6-4d1b-826d-b9415548743a.jpg?v=1590400965,250g:700.00; 500g:1200.00; 1000g:2240.00,
Maverick and Farmer,Coffee & Cantonment - Gully Tour’s Coffee Chronicles featuring Maverick & Farmer,,INR,"Coffee Chronicles is a curated evening walk that explores Bangalore’s deep-rooted relationship with coffee alongside the layered history of the Cantonment. Beginning in collaboration with Maverick &amp; Farmer, the experience connects heritage streets, evolving café culture, and the city’s social fabric, offering a sensory and cultural lens into how coffee became part of Bangalore’s identity. Designed for coffee enthusiasts and urban explorers, this trail blends history, culture, and flavor in a relaxed walking format. 
   Pick up point : Maverick &amp; Farmer Coffee, Church Street!   
 
   Date: 28th Feb &amp; 1st Mar, 4:30 PM onwards!
[Meta Description]: Coffee Chronicles is a curated evening walk that explores Bangalore’s deep-rooted relationship with coffee alongside the layered history of the Cantonment. Beginning in collaboration with Maverick &amp; Farmer, the experience connects heritage streets, evolving café culture, and the city’s social fabric, offering a sen",https://www.maverickandfarmer.com/products/coffee-and-the-cantonment-gully-tours-coffee-chronicles-featuring-maverick-farmer,https://cdn.shopify.com/s/files/1/0296/1568/5768/files/gully_tours.png?v=1771582160,,
Maverick and Farmer,Coffee brewing digital timer,Rs. 600.00,INR,"All great home-brewed coffee starts with following recipes. And recipes include not just ingredients, but are also heavily dependent on time. 10 - 20 seconds past the recommended brewing time could lead to an over-extracted brew. 
 This simple to use coffee brewing digital timer not only helps you follow your tried and tested recipes, but also enables to make notes of what brewing times work especially for you, and therefore creating recipes of your own.  
 If you are using a French press, Pour over, Chemex, Clever dripper, Aeropress, and especially a Channi (strainer) to brew coffee, this handy device is perfect for you.
[Meta Description]: All great home-brewed coffee starts with following recipes. And recipes include not just ingredients, but are also heavily dependent on time. 10 - 20 seconds past the recommended brewing time could lead to an over-extracted brew. This simple to use coffee brewing digital timer not only helps you follow your tried and t",https://www.maverickandfarmer.com/products/coffee-brewing-digital-timer,https://cdn.shopify.com/s/files/1/0296/1568/5768/products/timerforcoffeebrewing.jpg?v=1591462021,:600.00,
Maverick and Farmer,Coffee Roasting Uncovered by Faiyaz and Sumit,Rs. 799.00,INR,"Step inside the roastery and experience coffee beyond the cup. This immersive session takes you through the complete journey of coffee—from origin to roast. Learn about coffee-growing regions, processing methods, and the key differences between Arabica and Robusta. Dive deeper into green coffee evaluation by understanding bean structure, density, moisture content, defects, grading, and ideal storage conditions.  
  The workshop then moves into the fundamentals of coffee roasting, breaking down each stage of the roast- drying phase, Maillard reaction, caramelization, first and second crack, and development time. Participants will also gain insight into roast profile control, including time-temperature balance, airflow management, and development percentage.  
  The session concludes with a   live roasting demonstration  , offering a practical look at how theory translates into flavor. Designed for curious beginners and coffee enthusiasts alike, this workshop is a hands-on introduction to the science and craft behind great coffee.  
  
 
 
   
 
  Where: Maverick &amp; Farmer Coffee, Ulsoor!   
  When: 28th Feb 2026, 2:00 PM to 3:00 PM
[Meta Description]: Step inside the roastery and experience coffee beyond the cup. This immersive session takes you through the complete journey of coffee—from origin to roast. Learn about coffee-growing regions, processing methods, and the key differences between Arabica and Robusta. Dive deeper into green coffee evaluation by understand",https://www.maverickandfarmer.com/products/coffee-roasting-uncovered-by-faiyaz,https://cdn.shopify.com/s/files/1/0296/1568/5768/files/roastingvw.png?v=1771866684,:799.00,
Maverick and Farmer,Cold brew - Dark & Fruity,Rs. 650.00,INR,"Dark &amp; Fruity is for those who love their cold brew coffee with a heavier body, rich, and flavourful. Cold Brew - Dark &amp; Fruity is a medium dark roast and the brew works well if had with a few cubes of ice and a splash of water (enjoy the Shiraz-like notes!). Go ahead and add milk or cream if you like, Dark &amp; Fruity tastes great with this too.  
 Dark &amp; Fruity is one of our 3 unique cold brew coffees for 2021. Check out the others  here . 
 If you'd like an simple and easy to use cold brew maker, check it out  here  
 Bean: Arabica 
 Process: Honey, Wet-process. 
 Roast Profile: Medium-dark slow roast. 
 Tasting notes: Dry fruit, Shiraz, Caramel
[Meta Description]: Dark &amp; Fruity is for those who love their cold brew coffee with a heavier body, rich, and flavourful. Cold Brew - Dark &amp; Fruity is a medium dark roast and the brew works well if had with a few cubes of ice and a splash of water (enjoy the Shiraz-like notes!). Go ahead and add milk or cream if you like, Dark &am",https://www.maverickandfarmer.com/products/cold-brew-dark-and-fruity,https://cdn.shopify.com/s/files/1/0296/1568/5768/products/coldbrewdarkandfruity.jpg?v=1616570130,250g:650.00; 500g:1100.00; 1000g:2090.00,
Maverick and Farmer,Cold brew - Light & Bright,Rs. 650.00,INR,"Light &amp; Bright is a 'sessionable' cold brew, which means you can keep sipping on multiple glasses of this gorgeous drink through the day. Light &amp; Bright is a light roast Arabica, with a brightness that's perfect for the summer and a smooth, mellow finish 
 Light &amp; Bright isn't recommended if you like your cold brew with milk or any whitener. Add lots of cubes of ice, some water, and you're set! Options include adding tonic water instead of water, gingerale, or soda and a slice of orange. Go ahead, get innovative, 
 Light &amp; Bright is one of our 3 unique cold brew coffees for 2021. Check out the others  here . 
 Don't have a cold brew maker? No worries, buy one  here  
 Bean: Arabica 
 Process: Washed, some naturals added. 
 Roast Profile: Light roast. 
 Tasting notes: Fresh ripe fruit, Citrus.
[Meta Description]: Light &amp; Bright is a 'sessionable' cold brew, which means you can keep sipping on multiple glasses of this gorgeous drink through the day. Light &amp; Bright is a light roast Arabica, with a brightness that's perfect for the summer and a smooth, mellow finish Light &amp; Bright isn't recommended if you like your col",https://www.maverickandfarmer.com/products/cold-brew-light-bright,https://cdn.shopify.com/s/files/1/0296/1568/5768/products/Coldbrewlightandbright.jpg?v=1616571741,250g:650.00; 500g:1100.00; 1000g:2090.00,
Maverick and Farmer,Cold brew - New Orleans Style,Rs. 550.00,INR,"Our New Orleans Style of cold brew is a blend of dark roasted  honey sun-dried coffee and roasted chicory root. This blend produces a strong, rich, deep and flavourful cold brew concentrate that tastes divine with a few ice cubes and some milk. Or condensed milk.   
 A quick history lesson? Thanks to the French influence in New Orleans, roasted chicory root added to roasted coffee became a thing among the locals. Initially meant to make coffee beans last longer thanks to the shortage caused during the war, this unique flavour in the brew developed a huge fan following well past the years of war.  
 Try this style of cold brew, especially if you like cold brew with milk or ice cream or cream or almond milk or condensed milk or.. ok, we're going to stop now.  
  Cold Brew - New Orleans Style is one of our 3 unique cold brew coffees for 2021. Check out the others  here . 
 Don't have a cold brew maker? Buy an easy to use, inexpensive one  here  
 Bean: Arabica, Robusta 
 Roasted Chicory root 
 Process: Honey Sun Dried. 
 Roast Profile: Dark Roast 
 Tasting notes: Chocolate, Toffee.
[Meta Description]:   Our New Orleans Style of cold brew is a blend of dark roasted  honey sun-dried coffee and roasted chicory root. This blend produces a strong, rich, deep and flavourful cold brew concentrate that tastes divine with a few ice cubes and some milk. Or condensed milk.  A quick history lesson? Thanks to the French influenc",https://www.maverickandfarmer.com/products/copy-of-cold-brew-new-orleans-style,https://cdn.shopify.com/s/files/1/0296/1568/5768/products/coldbrewneworleans.jpg?v=1616573212,250g:550.00; 500g:1020.00; 1000g:1880.00,
Maverick and Farmer,Craft your signature botanical perfume by Kimaya Blends,Rs. 1500.00,INR,"Create your own pure botanical perfume using a luxurious palette of 20+ essential oils and absolutes, learning how to layer natural fragrances with depth and balance. You will leave with a 10 ml roller-bottle perfume, fully natural, deeply personal, and made by you. 
 
  Where: Maverick &amp; Farmer Coffee, Ulsoor!   
  When: 28th Feb 2026, 11:00 AM - 1:00 PM
[Meta Description]: Create your own pure botanical perfume using a luxurious palette of 20+ essential oils and absolutes, learning how to layer natural fragrances with depth and balance. You will leave with a 10 ml roller-bottle perfume, fully natural, deeply personal, and made by you. Where: Maverick &amp; Farmer Coffee, Ulsoor! When: 28",https://www.maverickandfarmer.com/products/craft-your-signature-botanical-perfume-by-kimaya-blends,https://cdn.shopify.com/s/files/1/0296/1568/5768/files/kimayaproduct.png?v=1771865848,:1500.00,
Maverick and Farmer,Cyanotype Workshop by Kapila Nahender,Rs. 1000.00,INR,"Discover the magic of cyanotype printing in this hands-on workshop by Kapila. Participants will work with a light-sensitive solution applied to watercolor paper in a darkened room, layer leaves, flowers, and natural textures, and expose their compositions to sunlight. Over time, the exposed areas transform into rich green-blue tones, which are then washed in cold water to reveal a permanent Prussian blue print. Celebrated for its accessibility and organic nature, cyanotype offers a slow, tactile, and deeply creative way to make art—no prior experience needed. 
  Where : Maverick &amp; Farmer Coffee, Ulsoor!  
  When : 28th Feb 2026, 1:00 PM to 2:00 PM
[Meta Description]: Discover the magic of cyanotype printing in this hands-on workshop by Kapila. Participants will work with a light-sensitive solution applied to watercolor paper in a darkened room, layer leaves, flowers, and natural textures, and expose their compositions to sunlight. Over time, the exposed areas transform into rich gr",https://www.maverickandfarmer.com/products/cyanotype-workshop-by-kapila-nahender-1,https://cdn.shopify.com/s/files/1/0296/1568/5768/files/cynanotype.png?v=1771866440,28th Feb 2026. 1:00 PM to 2:00 PM:1000.00,
Maverick and Farmer,Decoding Coffee Cherry to the Crack with Everyday Tools by Tej Thammaiah,,INR,"Where: Maverick &amp; Farmer Coffee, Ulsoor!   
  When: 1st Mar 2026,11:00 AM - 1:00 PM
[Meta Description]:   Where: Maverick &amp; Farmer Coffee, Ulsoor! When: 1st Mar 2026,11:00 AM - 1:00 PM",https://www.maverickandfarmer.com/products/decoding-coffee-cherry-to-the-crack-with-everyday-tools-by-tej-thammaiah,https://cdn.shopify.com/s/files/1/0296/1568/5768/files/tejworkshophaverstfestival.png?v=1771583135,,
Maverick and Farmer,Deep Bliss,Rs. 620.00,INR,"Deep Bliss is a rich, strong and robust coffee blend. It is a mix of Arabica and Robusta, both single estate, with lots of earthy flavours brought in by the naturally processed coffee cherry that forms a big part of this blend. Deep bliss is a great idea if you like your coffee with a little splash or ten of milk.   
 Bean: Arabica, Robusta 
 Process: Washed, Natural 
 Roast Profile: Dark roast 
 Tasting notes: Dark Chocolate, Earthy
[Meta Description]: Deep Bliss is a rich, strong and robust coffee blend. It is a mix of Arabica and Robusta, both single estate, with lots of earthy flavours brought in by the naturally processed coffee cherry that forms a big part of this blend. Deep bliss is a great idea if you like your coffee with a little splash or ten of milk.  Bea",https://www.maverickandfarmer.com/products/deep-blis,https://cdn.shopify.com/s/files/1/0296/1568/5768/products/deepblisstemp.jpg?v=1586871410,250g:620.00; 500g:1020.00; 1000g:1980.00,
Maverick and Farmer,Digital coffee brewing thermometer,Rs. 249.00,INR,"Strike water temperature is a key aspect of coffee brewing, especially with the South Indian filter brewing method, pour-over brewing, French press, and Chemex.  
 This easy to use and not-heavy-on-the-pocket thermometer is a great little piece of equipment to have to maintain consistency and ensure that your coffee isn't over extracted or 'burnt'.  
 Just insert the probe into the water or the brew (in progress) and get an accurate reading in seconds.
[Meta Description]: Strike water temperature is a key aspect of coffee brewing, especially with the South Indian filter brewing method, pour-over brewing, French press, and Chemex.  This easy to use and not-heavy-on-the-pocket thermometer is a great little piece of equipment to have to maintain consistency and ensure that your coffee isn'",https://www.maverickandfarmer.com/products/digital-coffee-brewing-thermometer,https://cdn.shopify.com/s/files/1/0296/1568/5768/products/digitalfoodthermometercoffeethermometer.jpg?v=1591461593,:249.00,
Maverick and Farmer,"Friends of the Farmer - 2 Farmers, 1 Estate!",Rs. 799.00,INR,"A Coffee Storytelling &amp; Tasting Evening  
     
  Join us for an intimate hour with the people behind the cup- the growers, dreamers and experimenters who bring our coffee to life.   
     
  Estate Details-  
  On this special evening, meet Nisha &amp; Kurian, the duo that left their concrete jungle lives in Bengaluru to move to Anai Kadu - Pottamkulam, a mindful coffee farm situated on the border of the Devamachi Reserve Forest in Kodagu.  
     
  Highlight-  
  Hear from Kurian &amp; Nisha about life on the farm, sharing space with wildlife and the effects of climate change on their crops.  
     
  Learn how biodiversity and wild microbes shape the flavours in your cup - showcasing an coffee that is an homage to the Western Ghats - a rare Canephora lot from 70+ year old plants, fermented using native cultures isolated from wild figs on the farm.  
     
  Also Featuring: Home-Brewer Showcase  
     
  Experience this same coffee brewed in different styles by Rohan &amp; Aditi, curated by Arpan Ramtek- passionate home brewers who will present their interpretation of this experimental coffee. Taste how brewing choices completely transform the same beans into unique flavour expressions.  
     
  Indulge in exclusive tastings, paired snacklings, and conversation with a community that celebrates origin, process and the craft behind every cup.  
 
   
  Where: Maverick &amp; Farmer Cafe, Ulsoor   
  When: 6th December 2025, 5:00 p.m to 6:30 p.m  
  How much? A cover charge of Rs 799 per person that you can fully redeem on F&amp;B, coffee packs etc on that day.  
  Limited seats. Pre-registration required.
[Meta Description]: A Coffee Storytelling &amp; Tasting Evening Join us for an intimate hour with the people behind the cup- the growers, dreamers and experimenters who bring our coffee to life.  Estate Details- On this special evening, meet Nisha &amp; Kurian, the duo that left their concrete jungle lives in Bengaluru to move to Anai Kad",https://www.maverickandfarmer.com/products/friends-of-the-farmer-3-farmers-6-estates-copy,https://cdn.shopify.com/s/files/1/0296/1568/5768/files/WhatsAppImage2025-11-25at16.36.46_83ecbaa9.jpg?v=1764069055,:799.00,
Maverick and Farmer,Green Bean Showcase directly from the farmers hosted by - SCAI - Speciality Coffee Association,,INR,"Showcase of green beans from different parts of the country (Chickmangalore, Coorg &amp;amp; Kerala). Learn and experience special types of processess showcased by different farmers from different states/estates.&amp;nbsp; 
 We invite all roasters and cafe owners to be a part of this meet and greet experience. 
 Estates: 
 1. Harley Estate 2. Elkhill Estate 3. Ballanur Estate  4. Sandalkad Estate 5. Kaapi Royale 
  Where: Maverick &amp; Farmer Cafe, Ulsoor.  
  When: 28th Feb &amp; 1st Mar 2026, from 10:00 AM   to 6:00 PM
[Meta Description]: Showcase of green beans from different parts of the country (Chickmangalore, Coorg &amp;amp; Kerala). Learn and experience special types of processess showcased by different farmers from different states/estates.&amp;nbsp; We invite all roasters and cafe owners to be a part of this meet and greet experience. Estates: 1",https://www.maverickandfarmer.com/products/green-bean-showcase-directly-from-the-farmers-hosted-by-scai-speciality-coffee-association,https://cdn.shopify.com/s/files/1/0296/1568/5768/files/Screenshot2026-02-20103457_5659f81a-b34d-4d61-8294-30d91bf08f80.png?v=1771582610,,
Maverick and Farmer,Hario coffee server (carafe) - glass,Rs. 1980.00,INR,"This coffee server made of heat-resistant glass is the perfect companion for your pour-over dripper. It collects between 1-3 cups of filtered coffee from our pour-over is is easy to handle and serve. If you either brew more than one cup of coffee at a time or your are brewing pour-over coffee to share with someone else, this piece of equipment is perfect for you.  
 This coffee server is designed to keep your brewed coffee away from the surface (table) as much as is possible (because of a partially elevated glass bottom) so that your coffee stays hot longer.  
 Made in Japan by Hario 
 Collects upto 450 ml of coffee, perfect for home use.
[Meta Description]: This coffee server made of heat-resistant glass is the perfect companion for your pour-over dripper. It collects between 1-3 cups of filtered coffee from our pour-over is is easy to handle and serve. If you either brew more than one cup of coffee at a time or your are brewing pour-over coffee to share with someone else",https://www.maverickandfarmer.com/products/hario-coffee-server-carafe-glass,https://cdn.shopify.com/s/files/1/0296/1568/5768/products/hariocoffeeserverpourovercoffee.jpg?v=1591112935,:1980.00,
Maverick and Farmer,Home Barista Championship,Rs. 99.00,INR,"If you are a non-professional home barista and think you have a good coffee game, this is for you! 
 All you have to do is create and present a signature brew (your original) to a panel of friendly judges and you could win a hamper worth ₹15000! 
  You will have 20 minutes in total to do this, and you can create the base coffee with any brewing equipment of your own.  
 An espresso machine will be available and we’re right there to help!   register soon, come enjoy yourself, meet like minded coffee enthusiasts, and win! 
 Registration this year is for a near-free token amount of ₹99 only! Make the most of it
[Meta Description]: If you are a non-professional home barista and think you have a good coffee game, this is for you! All you have to do is create and present a signature brew (your original) to a panel of friendly judges and you could win a hamper worth ₹15000!  You will have 20 minutes in total to do this, and you can create the base c",https://www.maverickandfarmer.com/products/home-barista-championship,https://cdn.shopify.com/s/files/1/0296/1568/5768/files/E266D747-DF09-410E-8236-A3787AABEF06.png?v=1695192845,:99.00,
Maverick and Farmer,Lion's Mane Mushroom Coffee | 200 gm whole bean or ground,Rs. 1700.00,INR,"Fuel Your Mind, One Sip at a Time  
  Struggling to shake off mental fog? Looking for a natural way to elevate your focus and productivity?  
  Introducing Maverick &amp; Farmer’s Lion’s Mane Mushroom Coffee, a premium blend of 100% Arabica whole beans infused with our Lion’s Mane Mushroom dual extract. This smooth, mild roast delivers a rich, full-bodied cup with notes of dark chocolate and caramel, all while supporting mental clarity, focus, and long-term brain health.  
  Why Choose Maverick &amp; Farmer’s Lion’s Mane Mushroom Coffee?  
 
 
  Enhances Focus &amp; Mental Clarity – Perfect for deep work and creative thinking.  
 
 
  Supports Brain Health – Infused with Lion’s Mane mushroom extract to promote Nerve Growth Factor (NGF).  
 
 
  Crash-Free Energy – Sustained focus without the jitters or caffeine crash.  
 
 
  Lower Acidity – Gentle on the stomach, unlike traditional coffee.  
 
 
  No Mushroom Taste – Just bold, smooth coffee with a chocolatey, caramel finish.  
 
 
  What Makes Maverick &amp; Farmer’s Lion’s Mane Coffee Unique?  
 
 
  India’s First Whole Bean Infused Lion’s Mane Coffee – The perfect fusion of craft coffee and nootropic benefits.  
 
 
  In Collaboration with Nuvedo, India's most trusted mushroom brand.  
 
 
  100% Arabica, Mild Roast – A balanced flavor profile for any brewing style.  
 
 
  Grown &amp; Made in India – Sustainably cultivated, free from chemicals and GMOs.  
 
 
  Lab-Tested for Purity &amp; Safety – Every batch is tested for heavy metals and microbial contamination.  
 
 
  How to Enjoy Maverick &amp; Farmer's Lion’s Mane Coffee  
 
 
  Brew as You Like – French press, pour-over, espresso—our coffee blends seamlessly into your daily routine.  
 
 
  Enhance Focus – Pair it with meditation, deep work sessions, or workouts.  
 
 
  Mix It Up – Enjoy it black or with your favorite milk alternative for a creamy, nourishing boost.  
 
 
   
  Brewing Instructions:  
 
 
  Grind your beans to your preferred consistency (coarse for French press, medium for pour-over, fine for espresso).  
 
 
  Use 12g of ground coffee per cup (200g water).  
 
 
  Brew as you like – French press, pour-over, espresso, or your favorite method.  
 
 
  Adjust water ratio to suit your taste.  
 
 
 
 
  Pure Coffee Vibes – No mushroom funk, just smooth, delicious coffee.  
 
 
  Elevate Your Routine – Perfect for morning rituals, work sessions, or pre-workout energy.  
 
 
  Ingredients (200g)   
 
 
  100% Arabica Whole Bean Coffee – Mild roast with natural chocolate and caramel notes.  
 
 
  Lion’s Mane (Hericium erinaceus) Dual Extract – Full-spectrum cognitive support.
[Meta Description]: Fuel Your Mind, One Sip at a Time Struggling to shake off mental fog? Looking for a natural way to elevate your focus and productivity? Introducing Maverick &amp; Farmer’s Lion’s Mane Mushroom Coffee, a premium blend of 100% Arabica whole beans infused with our Lion’s Mane Mushroom dual extract. This smooth, mild roast",https://www.maverickandfarmer.com/products/lions-mane-mushroom-coffee-200-gm-whole-bean-or-ground,https://cdn.shopify.com/s/files/1/0296/1568/5768/files/maverick_and_farmer_nuvedo_lions_mane_mushroom_coffee.jpg?v=1742214938,200g:1700.00,
Maverick and Farmer,Live Music,,INR,"After a day filled with activity and excitement, just sit back, sip on some coffee, and listen to the acoustic tunes by Broko-a-Broko a Bengaluru-based choral group.  
 This is a non-ticketed performance and no registration is required.    
 
 
 
  Where: Maverick &amp; Farmer Coffee, Ulsoor!   
  When: 28th Feb 2026, by Broko-a-Broko -  6:30 PM onwards!  
  When: 1st Mar 2026, by Cheeselings -  6:30 PM onwards!
[Meta Description]: After a day filled with activity and excitement, just sit back, sip on some coffee, and listen to the acoustic tunes by Broko-a-Broko a Bengaluru-based choral group.  This is a non-ticketed performance and no registration is required.  Where: Maverick &amp; Farmer Coffee, Ulsoor! When: 28th Feb 2026, by Broko-a-Broko -",https://www.maverickandfarmer.com/products/broko-live-music,https://cdn.shopify.com/s/files/1/0296/1568/5768/files/brokos.png?v=1771867681,,
Maverick and Farmer,"Live music with Experimentalist & Poco A Poco, The Cheeslings & Broko - Free entry!",,INR,"Experimentalist &amp; Poco A Poco , The Cheeslings &amp; Broko. 
 After a day filled with activity and excitement, just sit back, sip on some coffee, and listen to the acoustic tunes by Broko-a-broko a Bengaluru-based choral group.  
 This is a non-ticketed performance and no registration is required.  
 Where: Maverick &amp; Farmer Cafe, Ulsoor 
 When :  
 1st March 2025 - 4: 00 p.m &amp; 6:30 p.m 
 2nd March 2025 - 6:30 p.m
[Meta Description]: Experimentalist &amp; Poco A Poco , The Cheeslings &amp; Broko. After a day filled with activity and excitement, just sit back, sip on some coffee, and listen to the acoustic tunes by Broko-a-broko a Bengaluru-based choral group.  This is a non-ticketed performance and no registration is required.  Where: Maverick &amp",https://www.maverickandfarmer.com/products/live-music-with-experimentalist-amp-poco-a-poco-the-cheeslings-broko-free-entry,https://cdn.shopify.com/s/files/1/0296/1568/5768/files/fdasfasfsfa.png?v=1740226329,,
Maverick and Farmer,Making Filter Coffee Sexy ft Maverick Monday Edits by Ashish D’abreo,Rs. 400.00,INR,"This interesting and fun workshop is designed to help you jazz up your coffee game. While perfecting your brewing technique you can also learn to pair flavors and discover serving styles and in some way begin your own little journey into the world of coffee mixology. 
  This is going to be fun and exciting, look forward to an entertaining yet light hearted session with our co-founder Ashish D’abreo.  
  Where: Maverick &amp; Farmer Cafe, Ulsoor  
  When: 28th Feb 2026, 3:00 PM to 5:00 PM
[Meta Description]: This interesting and fun workshop is designed to help you jazz up your coffee game. While perfecting your brewing technique you can also learn to pair flavors and discover serving styles and in some way begin your own little journey into the world of coffee mixology.  This is going to be fun and exciting, look forward ",https://www.maverickandfarmer.com/products/making-coffee-sexy-ashish,https://cdn.shopify.com/s/files/1/0296/1568/5768/files/ashishfiltercoffee.png?v=1771583392,:400.00,
Maverick and Farmer,Maverick & Farmer ceramic espresso cup,Rs. 440.00,INR,"Handcrafted by artisans, this uniquely designed ceramic cup is a perfect gift or a collectors item. Meant for a single or a double shot of espresso, this cup can hold 150ml.  
  Wide mouthed to get the most out of the quickly dissipating  aromas of an espresso, our espresso cups are also built slightly thicker to ensure longer temperature retention. 
  These glazed cups only get better with age and complete the Maverick &amp; Farmer coffee experience  
  Since this is a handcrafted product, please expect variances in appearances from one cup to another.
[Meta Description]: Handcrafted by artisans, this uniquely designed ceramic cup is a perfect gift or a collectors item. Meant for a single or a double shot of espresso, this cup can hold 150ml. Wide mouthed to get the most out of the quickly dissipating aromas of an espresso, our espresso cups are also built slightly thicker to ensure lon",https://www.maverickandfarmer.com/products/maverick-farmer-ceramic-espresso-cup,https://cdn.shopify.com/s/files/1/0296/1568/5768/products/maverickandfarmerespressocup.jpg?v=1591460871,:440.00,
Maverick and Farmer,Modur Naturals,Rs. 700.00,INR,"Modur Estate has been growing coffee since the 1930s. Positioned on the northern slopes of the western ghats under a thick canopy that ensures even and gentle ripening of the coffee cherry, the estate lies at an altitude of 3250 feet.  
 The freshly harvested coffee cherries are transported to our estate at Polibetta, where they are laid out to dry on our brick drying yard under a gentle winter sun.  
 Varietal: Arabica 
 Tasting notes: Green Apple, Sweet cherry 
 Roast profile: Medium Dark Roast 
 Altitude: 3100 - 3250 ft.
[Meta Description]: Modur Estate has been growing coffee since the 1930s. Positioned on the northern slopes of the western ghats under a thick canopy that ensures even and gentle ripening of the coffee cherry, the estate lies at an altitude of 3250 feet.  The freshly harvested coffee cherries are transported to our estate at Polibetta, wh",https://www.maverickandfarmer.com/products/modur-naturals,https://cdn.shopify.com/s/files/1/0296/1568/5768/products/modurestatearabicacoffeebeans.jpg?v=1660811049,250g:700.00; 500g:1220.00; 1000g:2320.00,
Maverick and Farmer,Mooley Manay,Rs. 799.00,INR,"Exclusive    Excelsa 84-hour Yeast-Fermented Natural    is a rare showcase of experimentation and excellence. 
  
 Grown and processed with precision, this coffee undergoes an 84-hour yeast fermentation that enhances its complexity and natural sweetness, resulting in a vibrant cup that bursts with notes of    complex berries, sweet cherry, and lychee .   
   
 Estate: Mooleh Manay Estate, Coorg 
 
 Processing Type: Excelsa – 84 Hours Yeast Fermented 
 
 Tasting Notes: Complex berries, sweet cherry, lychee 
 
 Roast Type: Medium
[Meta Description]: Exclusive Excelsa 84-hour Yeast-Fermented Natural is a rare showcase of experimentation and excellence. Grown and processed with precision, this coffee undergoes an 84-hour yeast fermentation that enhances its complexity and natural sweetness, resulting in a vibrant cup that bursts with notes of complex berries, sweet ",https://www.maverickandfarmer.com/products/mooley-manay,https://cdn.shopify.com/s/files/1/0296/1568/5768/files/MoolehManayforwebsite_page-0001_1.jpg?v=1759741540,200g:799.00,
Maverick and Farmer,Mural Art Workshop with Priyanka Studio Chhavi,Rs. 2250.00,INR,"ART MEETS PASSION AT THE HARVEST FESTIVAL! 
  Get ready to unleash your creativity with Studio Chhavi at the Harvest Festival by Maverick &amp; Farmer! From hands-on art workshops to stunning resin home décor, wall murals, and personalized keepsakes, they bring a world of artistic magic toour celebration. Whether you're crafting, exploring, or just soaking in the vibe, their stall is a must-visit for all art lovers. Come, create, and take home something truly special 
 For more details please feel free to call 
 Ph: Priyanka +919901256222 
   
  Where: Maverick &amp; Farmer Cafe, Ulsoor  
  When:  2nd March 2025, 11:00 a.m - 12:30 p.m
[Meta Description]: ART MEETS PASSION AT THE HARVEST FESTIVAL! Get ready to unleash your creativity with Studio Chhavi at the Harvest Festival by Maverick &amp; Farmer! From hands-on art workshops to stunning resin home décor, wall murals, and personalized keepsakes, they bring a world of artistic magic toour celebration. Whether you're c",https://www.maverickandfarmer.com/products/mural-art-workshop-with-priyanka-studio-chavvi,https://cdn.shopify.com/s/files/1/0296/1568/5768/files/Mural.png?v=1740401242,:2250.00,
Maverick and Farmer,Ol' Smoky - Cold Smoked coffee!,Rs. 700.00,INR,"The world's first cold-smoked coffee is now in its fourth year! For those who love a mellow, sweet-smoky lining to their favourite drink, this Maverick creation is for them. Freshly pulped arabica green beans are cold-smoked for 13-14 hours in a smokehouse to create this unusual, exquisite coffee. You will best enjoy this black or slow cold-brewed with a touch of milk. Pour-over brewing will help retain most of the fruity-smokiness.  
 Ol' Smoky by Maverick &amp; Farmer is a micro-lot coffee, we have a limited batch this year.   
 Watch a video that explains how we make this beautiful coffee  
     
 Bean: Arabica 
 Process: Washed, cold-smoked 
 Roast Profile: medium-light 
 Tasting notes: Sweet smoke, roasted spice.
[Meta Description]: The world's first cold-smoked coffee is now in its fourth year! For those who love a mellow, sweet-smoky lining to their favourite drink, this Maverick creation is for them. Freshly pulped arabica green beans are cold-smoked for 13-14 hours in a smokehouse to create this unusual, exquisite coffee. You will best enjoy t",https://www.maverickandfarmer.com/products/smokin-joe,https://cdn.shopify.com/s/files/1/0296/1568/5768/products/m_Folsmokyseason3.jpg?v=1651478637,200g:700.00,
Maverick and Farmer,Orange You Curious?,Rs. 650.00,INR,"Orange You Curious? is an orange juice fermented coffee. Our freshly pulped arabica beans go through a unique barrel fermentation process with orange juice (from our orange trees on the coffee farm) for 24 hours. The natural yeasts present on the orange skins, as well as the coffee skins, work on the fruit sugars and produce some truly unique flavours and fragrances.  
 This coffee was first created in 2020 as a tiny microlot, and it is today one of our fastest-selling favourites! 
 Enjoy this coffee black or with a tiny amount of milk. Cold-brewing Orange You Curious is awesome too! 
 Orange You Curious? from the Maverick &amp; Farmer is a micro-lot coffee; we have a limited batch this year. 
 
 
 Bean: Arabica 
 Process: Washed, primary, and secondary fermented 
 Roast Profile: medium-light 
 Tasting notes: Citrus, cherry wine.
[Meta Description]: Orange You Curious? is an orange juice fermented coffee. Our freshly pulped arabica beans go through a unique barrel fermentation process with orange juice (from our orange trees on the coffee farm) for 24 hours. The natural yeasts present on the orange skins, as well as the coffee skins, work on the fruit sugars and p",https://www.maverickandfarmer.com/products/orange-you-curious-1,https://cdn.shopify.com/s/files/1/0296/1568/5768/products/orangesquare.jpg?v=1598618434,200g:650.00,
Maverick and Farmer,Parama,Rs. 650.00,INR,"Parama is a versatile coffee (a blend of arabica -92%, and robusta - 8%) with peaberry beans of both variants. The small amount of Robusta makes this a perfectly balanced coffee and also makes it perfect for espresso brewing. Parama is great with milk, but is also nice as a black coffee that's slightly on the deeper side. Parama is a medium roast coffee.  
  Parama has notes of chocolate and caramel. Parama is the house blend that's served in our cafes in Bangalore and Delhi.   
 Bean: Arabica, Robusta, Peaberry of both. 
 Process: Multiple processes - Washed, natural, honey, smoked. 
 Roast Profile: Medium to Medium-dark 
 Tasting notes: Chocolate, Caramel
[Meta Description]: Parama is a versatile coffee (a blend of arabica -92%, and robusta - 8%) with peaberry beans of both variants. The small amount of Robusta makes this a perfectly balanced coffee and also makes it perfect for espresso brewing. Parama is great with milk, but is also nice as a black coffee that's slightly on the deeper si",https://www.maverickandfarmer.com/products/parama,https://cdn.shopify.com/s/files/1/0296/1568/5768/products/28211fe0-2b31-4bf1-b925-07327351db6c.jpg?v=1648032899,250g:650.00; 500g:1100.00; 1000g:2090.00,
Maverick and Farmer,Parama Dark,Rs. 660.00,INR,"Parama Dark is a versatile coffee (a blend of arabica -92%, and robusta - 8%), a dark roasted version of our bestseller 'Parama', with peaberry beans of both variants. The small amount of Robusta makes this a perfectly balanced coffee and also makes it perfect for espresso brewing. Parama Dark is great with milk, but is also nice as a black coffee that's slightly on the darker side. Parama is a medium-dark coffee.  
  Parama has notes of chocolate and caramel. Parama is the house blend that's served in our cafes in Bangalore and Delhi.   
 Bean: Arabica, Robusta, Peaberry of both. 
 Process: Multiple processes - Washed, natural, honey, smoked. 
 Roast Profile: Medium-dark to Dark 
 Tasting notes: Dark chocolate, Caramel
[Meta Description]: Parama Dark is a versatile coffee (a blend of arabica -92%, and robusta - 8%), a dark roasted version of our bestseller 'Parama', with peaberry beans of both variants. The small amount of Robusta makes this a perfectly balanced coffee and also makes it perfect for espresso brewing. Parama Dark is great with milk, but i",https://www.maverickandfarmer.com/products/parama-dark,https://cdn.shopify.com/s/files/1/0296/1568/5768/products/paramadark.jpg?v=1648033092,250g:660.00; 500g:1140.00; 1000g:2110.00,
Maverick and Farmer,Poomaale by Beforest,Rs. 799.00,INR,"Grown amidst the lush wilderness of Coorg’s Western Ghats, Poomaale Estate’s Anoxic Fermentation coffee celebrates the harmony of nature and science. Using oxygen-free fermentation, this process enhances the coffee’s natural sweetness and clarity, resulting in a clean, fruit-forward cup with vibrant tropical acidity and floral undertones. 
  
 Rooted in permaculture and soil-first farming, Poomaale nurtures biodiversity and produces coffees that truly reflect their forest-rich terroir- a taste of Coorg’s wilderness in every sip.   
   
 Estate: Poomaale Estate, Coorg (A Wilderness Collective by Beforest) 
 
 Processing Type: Anoxic Fermentation 
 
 Tasting Notes: Dark Chocolate, Roasted Walnut, Sweet Lime Acidity 
 
 Roast Type: Medium
[Meta Description]: Grown amidst the lush wilderness of Coorg’s Western Ghats, Poomaale Estate’s Anoxic Fermentation coffee celebrates the harmony of nature and science. Using oxygen-free fermentation, this process enhances the coffee’s natural sweetness and clarity, resulting in a clean, fruit-forward cup with vibrant tropical acidity an",https://www.maverickandfarmer.com/products/poomaale-by-beforest,https://cdn.shopify.com/s/files/1/0296/1568/5768/files/PoomaaleEstate_page-0001.jpg?v=1759736495,200g:799.00,
Maverick and Farmer,Pottery Making by Maya Pottery: Leaf-Textured Trinket Dish,Rs. 800.00,INR,"This is a hand building technique in pottery, students will create a beautifully detailed leaf-textured trinket dish from clay. Perfect for beginners this class focuses on incorporating natural textures for a unique, organic finish.   
  
  Where: Maverick &amp; Farmer Coffee, Ulsoor!   
  When: 1st Mar 2026,12:00 PM - 2:00 PM
[Meta Description]: This is a hand building technique in pottery, students will create a beautifully detailed leaf-textured trinket dish from clay. Perfect for beginners this class focuses on incorporating natural textures for a unique, organic finish.  Where: Maverick &amp; Farmer Coffee, Ulsoor! When: 1st Mar 2026,12:00 PM - 2:00 PM",https://www.maverickandfarmer.com/products/pottery-making-by-maya-pottery-leaf-textured-trinket-dish,https://cdn.shopify.com/s/files/1/0296/1568/5768/files/potterys.png?v=1771866033,:800.00,
Maverick and Farmer,Pour over coffee brewer - Ceramic by Maverick & Farmer,Rs. 1600.00,INR,"Hand made with some truly fine craftsmanship, this ceramic pour-over brewer is perfect for home brewing when you want only the cleanest tasting notes from your single-origin coffee. Pour-over brewing is a brewing process that does not allow for much 'immersion' of your coffee grinds in water, with constant replenishment of water. Therefore what you get is a flavourful cup with no over-extraction or extended bitterness. Watch our videos on pour-over brewing to master this technique.  
 Pour over coffee brewing is highly addictive! The aroma release, the circular method of pouring, arriving at your own final recipe of water-to-coffee-powder etc can make this a very immersive method of brewing.  
 If you know of someone who is really into coffee, this is a perfect hand-crafted gift too! 
 This pour-over filter works with v60 size 2 filter papers.  
 All our ceramic products are handmade with natural materials, so consistency of colour and shape may vary. 
 We also sell the filter papers so you will never run out! Click  here  to buy filters
[Meta Description]: Hand made with some truly fine craftsmanship, this ceramic pour-over brewer is perfect for home brewing when you want only the cleanest tasting notes from your single-origin coffee. Pour-over brewing is a brewing process that does not allow for much 'immersion' of your coffee grinds in water, with constant replenishmen",https://www.maverickandfarmer.com/products/pour-over-coffee-brewer-ceramic-by-maverick-farmer,https://cdn.shopify.com/s/files/1/0296/1568/5768/products/pourovercoffeebrewingceramic.jpg?v=1591110307,:1600.00,
Maverick and Farmer,Read the Glass: Inside the Art of Kombucha with Mountain Bee,Rs. 999.00,INR,"A tasting and flavor design session exploring how kombucha is built. Learn to read structure, texture and ingredient integrity. Craft your own flavor to take home.   
  
 
 
   
 
 
  Where: Maverick &amp; Farmer Coffee, Ulsoor!   
  When: 1st March 2026 ,    4:30 PM - 6:00 PM
[Meta Description]: A tasting and flavor design session exploring how kombucha is built. Learn to read structure, texture and ingredient integrity. Craft your own flavor to take home.  Where: Maverick &amp; Farmer Coffee, Ulsoor! When: 1st March 2026, 4:30 PM - 6:00 PM",https://www.maverickandfarmer.com/products/inside-the-art-of-kombucha-with-mountain-bee,https://cdn.shopify.com/s/files/1/0296/1568/5768/files/mountainbeeharvestfestival.png?v=1771582610,"1st March 2026, 4:30 PM - 6:00 PM:999.00",
Maverick and Farmer,Reusable Cups (2) Made From Coffee Chaff - Recyclable.,Rs. 465.00,INR,"Take your coffee with you, everywhere you go, with this perfect on-the-go cup that's made from our coffee chaff (a waste product of our roasting process). It's completely BPA free, recyclable and works perfectly with hot or cold beverages. The 340 ml cup has its own snug-fitting sipper lid which keeps your drink hot (or cold) longer.  
 Beautifully designed and lightweight, these cups are completely free of any harmful chemicals (such as Melamine) and are dishwasher and microwave safe. 
 SET of TWO eco-friendly cups.
[Meta Description]: Take your coffee with you, everywhere you go, with this perfect on-the-go cup that's made from our coffee chaff (a waste product of our roasting process). It's completely BPA free, recyclable and works perfectly with hot or cold beverages. The 340 ml cup has its own snug-fitting sipper lid which keeps your drink hot (o",https://www.maverickandfarmer.com/products/reusable-cups-2-made-from-coffee-chaff-recyclable,https://cdn.shopify.com/s/files/1/0296/1568/5768/products/keepcup4.jpg?v=1654072593,:465.00,
Maverick and Farmer,Rohan Bopanna's Masterblend,Rs. 680.00,INR,"With the green beans for this roast coming from the tennis star's own coffee estate in Coorg, the Rohan Bopanna masterblend is a medium-dark roast single estate arabica. The arabica from the same estate is processed in two different ways to give this coffee an interesting body and a clean flavour. 
 100% Arabica 
 Process: Washed, Honey processed. 
 Roast profile: Medium-dark 
 Tasting notes: Mildly sweet, Toffee
[Meta Description]: With the green beans for this roast coming from the tennis star's own coffee estate in Coorg, the Rohan Bopanna masterblend is a medium-dark roast single estate arabica. The arabica from the same estate is processed in two different ways to give this coffee an interesting body and a clean flavour. 100% Arabica Process:",https://www.maverickandfarmer.com/products/rohan-bopannas-masterblend-1,https://cdn.shopify.com/s/files/1/0296/1568/5768/products/Rohan_Bopanna_Masterblend.jpg?v=1742214885,250g:680.00; 500g:1180.00; 1000g:2190.00,
Maverick and Farmer,Say Hello to Mellow,Rs. 680.00,INR,"Say Hello To Mellow is a mild roast / light roast coffee that's truly bright and beautiful, and works perfectly as a black coffee or a light cappuccino/latte. This single estate arabica is a fully washed coffee, enabling a completely clean cup that   allows   all the geo-characteristics of the beans to shine through. Like all arabicas, this coffee has a nice, refreshing mouthfeel to it.   
  Say Hello To Mellow has  notes of Banana and Berries.  
 Best way to brew this? Pour-over or any other method where contact time with water isn't too much. But if you want to increase boldness in your brew, a French Press or even a simply Channi (steel strainer) works fabulously. Say Hello to your mornings that just got better! 
 Bean: Arabica 
 Roast profile: Mild Roast 
 Tasting notes: Notes of Banana and Berry
[Meta Description]: Say Hello To Mellow is a mild roast / light roast coffee that's truly bright and beautiful, and works perfectly as a black coffee or a light cappuccino/latte. This single estate arabica is a fully washed coffee, enabling a completely clean cup that allows all the geo-characteristics of the beans to shine through. Like ",https://www.maverickandfarmer.com/products/say-hello-to-mellow,https://cdn.shopify.com/s/files/1/0296/1568/5768/products/496c2d11-712a-4a20-ad0a-48c459312008.jpg?v=1592208168,250g:680.00; 500g:1180.00; 1000g:2190.00,
Maverick and Farmer,Sip & Paint,Rs. 2500.00,INR,"Discover Your Creativity at Paint Bar  
 At Paint Bar, we believe everyone has an artist within. Our vibrant space is designed for creativity, fun, and relaxation—perfect for beginners and experienced artists alike. With a brush in one hand and a beverage in the other, our sip and paint workshops offer a unique experience where art meets leisure.  
  Coffee Painting Workshop  Get ready to stir up some creativity with our Coffee Painting Workshop! Using nothing but coffee as your medium, you’ll learn to create stunning monochromatic artworks with rich tones and textures. It’s perfect for those who love the aroma of coffee and want to explore a new, non-messy way to express themselves. No prior experience is needed—just bring your enthusiasm, and we’ll handle the rest! 
  Where: Maverick &amp; Farmer Coffee, Ulsoor!   
  When: 1st March 2025, 11:00 a.m to 12:30 p.m
[Meta Description]: Discover Your Creativity at Paint Bar At Paint Bar, we believe everyone has an artist within. Our vibrant space is designed for creativity, fun, and relaxation—perfect for beginners and experienced artists alike. With a brush in one hand and a beverage in the other, our sip and paint workshops offer a unique experience",https://www.maverickandfarmer.com/products/sip-paint,https://cdn.shopify.com/s/files/1/0296/1568/5768/files/Sip.png?v=1740401247,"1st March, 2025 11:00 a.m - 12:30 p.m:2500.00",
Maverick and Farmer,South Indian Brass Filter,Rs. 1100.00,INR,"Made of pure brass, this is a traditional brewing equipment for home use, or makes for a perfect gift. The South Indian brass filter extracts a strong brew, giving the coffee a heavy-body, packed with flavour and aroma. 
 The lid at the top of the filter has a little handle made of wood, and this gives the filter an elegant look, as well as makes it convenient to open and shut the lid when the entire apparatus is hot.  
 Coffee powder is put into the upper chamber and hot water is added. This is placed over the lower chamber and the coffee is allowed to drip slowly. The resultant brew is thick and concentrated, and full of flavour. Add this to hot milk or hot water.
[Meta Description]: Made of pure brass, this is a traditional brewing equipment for home use, or makes for a perfect gift. The South Indian brass filter extracts a strong brew, giving the coffee a heavy-body, packed with flavour and aroma. The lid at the top of the filter has a little handle made of wood, and this gives the filter an eleg",https://www.maverickandfarmer.com/products/south-indian-brass-filter,https://cdn.shopify.com/s/files/1/0296/1568/5768/products/southindianbrasscoffeefilter.jpg?v=1591444763,:1100.00,
Maverick and Farmer,Sunkissed,Rs. 620.00,INR,"Sunkissed is our honey sun-dried coffee. While naturally processing the coffee, we leave a lot of the fruity pulp on the bean and allow it to mellow out in filtered sunshine for a week or so. The fruitiness from the pulp gets into the bean and creates a fruity, citrussy cup. Sunkissed is an award-winning specialty Robusta. 
 Bean: Robusta 
 Process: Honey Sun-dried 
 Roast Profile: Dark, just past the first crack. 
 Tasting notes: Fruity, citrus, buttercup.
[Meta Description]: Sunkissed is our honey sun-dried coffee. While naturally processing the coffee, we leave a lot of the fruity pulp on the bean and allow it to mellow out in filtered sunshine for a week or so. The fruitiness from the pulp gets into the bean and creates a fruity, citrussy cup. Sunkissed is an award-winning specialty Robu",https://www.maverickandfarmer.com/products/sunkissed,https://cdn.shopify.com/s/files/1/0296/1568/5768/products/f32d9495-13f7-4320-9e90-d05a3d42ffde.jpg?v=1589784093,250g:620.00; 500g:1020.00; 1000g:1980.00,
Maverick and Farmer,Tall Dark Handsome,Rs. 650.00,INR,"Tall Dark Handsome is our French Roast (dark roast) coffee, with the beans taken past the second crack in our profile roaster. The coffee has a dark, bitter-sweet and mildly smoky flavour. 100% single estate Arabica, perfect for milk-based coffee or a strong black coffee. 
 Bean: Arabica 
 Process: Washed 
 Roast Profile: French (dark) roast (Past the 2nd crack, oily) 
 Tasting notes: Smoky, Intense coffee
[Meta Description]: Tall Dark Handsome is our French Roast (dark roast) coffee, with the beans taken past the second crack in our profile roaster. The coffee has a dark, bitter-sweet and mildly smoky flavour. 100% single estate Arabica, perfect for milk-based coffee or a strong black coffee. Bean: Arabica Process: Washed Roast Profile: Fr",https://www.maverickandfarmer.com/products/tall-dark-handsome,https://cdn.shopify.com/s/files/1/0296/1568/5768/products/a54b127e-61c5-42fe-bed5-6e5eefbdf93e_bc626932-b9f8-4a7c-b520-4a2e8aa79f1b.jpg?v=1578072606,250g:650.00; 500g:1100.00; 1000g:2090.00,
Maverick and Farmer,TEST,Rs. 5.00,INR,,https://www.maverickandfarmer.com/products/test,https://cdn.shopify.com/s/files/1/0296/1568/5768/products/4low_7848b651-c8f1-4d8f-8f98-8d569b83253c.jpg?v=1578481795,:5.00,
Maverick and Farmer,The Coffee and Cheese pairing workshop with Käse,Rs. 1500.00,INR,"While pairing cheese and coffee may not be commonplace, it isn’t very difficult to think of them together! Think of a ricotta bar with coffee or a more indulgent Basque cheesecake. How can     we forget the freshly brewed filter coffee decoction with frothy milk or cappuccino,     macchiatos     or a     cortado    ! Milk with its proteins and fats play an important role in making the coffee enjoyable but cheese with its sensory qualities and textures adds a di    fferent dimension.   
   Bhavi Patel A dairy technologist &amp; brand building specialist with a keen interest in foodomics &amp; neurogastronomy, Bhavi loves telling stories, experimenting with ingredients &amp; pairings, and nerding out over the science behind food.   
   Namrata Sundaresan Namrata, is the Co-founder of Käse. Armed with a degree in business management and 15 years in international trade &amp; Investment consulting it was the love of food that got her Introduced to cheesemaking! Her extensive travels introduced her to excellent cheeses across the world.
[Meta Description]: While pairing cheese and coffee may not be commonplace, it isn’t very difficult to think of them together! Think of a ricotta bar with coffee or a more indulgent Basque cheesecake. How can we forget the freshly brewed filter coffee decoction with frothy milk or cappuccino, macchiatos or a cortado! Milk with its protein",https://www.maverickandfarmer.com/products/the-coffee-and-cheese-pairing-workshop-with-kaze,https://cdn.shopify.com/s/files/1/0296/1568/5768/files/41F470DC-CD49-4983-ACFD-2C7A1BF1329E.jpg?v=1708237220,"24th, 3 p.m to 4 p.m:1500.00; 25th, 3 p.m to 4 p.m:1500.00",
Maverick and Farmer,The Coffee and Chocolate pairing workshop with Anuttama,Rs. 500.00,INR,"A chocolate and coffee pairing experience with one of India’s only true farm to bar chocolatiers.  Experience first hand how chocolate pairing brings out unique tasting notes in brewed coffee. And how coffee helps enhance even the minutest tasting notes in chocolate. 
 For the workshop we will be pairing 3 different coffees with 3 chocolates. Lots of tasting, lots of discovery!  At the end of the workshop you also get to take home a bar of the limited edition Maverick &amp; Farmer x Anuttama hand crafted chocolate.  
 
 Where: Maverick &amp; Farmer Cafe, Ulsoor  
 
 
 When: 24th February, 11.30 a.m. to 12.30 p.m.
[Meta Description]: A chocolate and coffee pairing experience with one of India’s only true farm to bar chocolatiers. Experience first hand how chocolate pairing brings out unique tasting notes in brewed coffee. And how coffee helps enhance even the minutest tasting notes in chocolate. For the workshop we will be pairing 3 different coffe",https://www.maverickandfarmer.com/products/the-coffee-and-chocolate-pairing-workshop-with-anuttama,https://cdn.shopify.com/s/files/1/0296/1568/5768/files/11.png?v=1740134393,:500.00,
Maverick and Farmer,The Coffee Mixology 4th Edition,Rs. 499.00,INR,"After last three editions were phenomenal success, the coffee mixology sessions are back. Choose from different base brews, at an element of fruitiness, or a floral bouquet, infuse your creation with smokiness, creaminess… a touch of nuttiness maybe? Just do your own thing. Build your own signature beverage, give it a name and enjoy your drink!   Our mixology sessions are crazy fun, interactive, engaging and guaranteed to bring out the barista-mixologist in you. 
 Date: 1st Oct 2025 , 4:00 pm - 8:00 pm 
 Where: Maverick &amp; Farmer Coffee, Ulsoor 
 Price:  ₹ 499/- all incl  
 book your slot now!
[Meta Description]: After last three editions were phenomenal success, the coffee mixology sessions are back. Choose from different base brews, at an element of fruitiness, or a floral bouquet, infuse your creation with smokiness, creaminess… a touch of nuttiness maybe? Just do your own thing. Build your own signature beverage, give it a ",https://www.maverickandfarmer.com/products/the-coffee-mixology-3rd-edition-copy,https://cdn.shopify.com/s/files/1/0296/1568/5768/files/Screenshot2025-09-19164453.png?v=1758280513,1st Oct 2025:499.00,
Maverick and Farmer,The Community Iftaar '26,,INR,"Bring something. Share something.  
 The community Iftaar is back!  Register in advance to reserve your spot at our community table, bring something to eat / break your fast with for yourself and for sharing (for one more person maybe?). There will be some juice and dry fruit, and of course, Maverick &amp; Farmer coffee on the house! 
 Register at our cafe or here online 
  When : 14th March, 2026, 6:00 P.M    Where: Maverick &amp; Farmer Cafe, Ulsoor.
[Meta Description]:   Bring something. Share something. The community Iftaar is back!Register in advance to reserve your spot at our community table, bring something to eat / break your fast with for yourself and for sharing (for one more person maybe?). There will be some juice and dry fruit, and of course, Maverick &amp; Farmer coffee o",https://www.maverickandfarmer.com/products/the-community-iftaar-26,https://cdn.shopify.com/s/files/1/0296/1568/5768/files/CommunityIftar_1.jpg?v=1772716918,,
Maverick and Farmer,The Maverick Coffee Experience: Farm to Cup,Rs. 1299.00,INR,"The Maverick Coffee Experience: Farm to Cup   
 An immersive, guided journey into the world of specialty coffee- crafted for both curious beginners and coffee lovers alike by Faiyaz Tharakar. At Maverick &amp; Farmer, we take you beyond just drinking coffee and into truly experiencing it- understanding its origin, process, flavour, and craft. 
 Over the course of this session, you’ll explore a curated selection of coffees through multiple formats, designed to help you taste, compare, and engage with coffee in a more meaningful way. 
   What to Expect   
  1. Coffee Cupping (30 mins)  Begin with a classic cupping session where you’ll taste 3-4 distinct coffees side by side- featuring profiles like Washed, Monsoon Malabar, and Modur Naturals. Learn to identify flavour notes, body, and aroma like a true coffee taster. 
  2. Brew Comparison (20 mins)  Experience how brewing changes everything. Taste the same coffee prepared using two different methods and understand how technique impacts flavour, texture, and balance. 
  3. Pairing Experience (15 mins)  Discover the art of pairing coffee with complementary desserts- bringing out hidden notes and enhancing the overall tasting experience. 
  4. Interactive Segment (10 mins)  Put your senses to the test with fun activities like blind tasting and aroma identification—making the session engaging and memorable. 
  5. Closing &amp; Retail Experience (5 mins)  Wrap up the session with an opportunity to take home your favourite coffees. Enjoy a Rs 250 voucher towards retail purchases of the beans you’ve just explored. 
  When? At 4:30 PM, on 4th April, 2026  
 
 Where? Kothanur, Maverick, and Farmer Outlet.  
 
  Limited spots, so book your seats now!
[Meta Description]: The Maverick Coffee Experience: Farm to Cup An immersive, guided journey into the world of specialty coffee- crafted for both curious beginners and coffee lovers alike by Faiyaz Tharakar. At Maverick &amp; Farmer, we take you beyond just drinking coffee and into truly experiencing it- understanding its origin, process,",https://www.maverickandfarmer.com/products/the-maverick-coffee-experience-from-farm-to-cup,https://cdn.shopify.com/s/files/1/0296/1568/5768/files/WhatsAppImage2026-02-21at11.36.06AM_2_1.jpg?v=1774265361,:1299.00,
Maverick and Farmer,The work-from-home kit - Discounted price!,Rs. 2300.00,INR,"A simple, easy to use work-from-home coffee kit to make endless cups of coffee through the day! This set comes with a stylish and futuristic TimeMore French Press that comes with a superior steel superfine filter and an additional filter for pouring, an artisanal handmade Maverick &amp; Farmer ceramic cup (find out  more ) and a 250 gm pack of  Parama  by Maverick &amp; Farmer.  
 The French Press makes a rich brew that's full of body and flavour. As you gain experience with this method of brewing you will very soon be able to vary brewing times and play with coffee dosage to create your own brewing recipes that work best for you.  
 If you like your coffee with a milk, then you can use this same kit to make a home-style 'cappuccino' or a 'latte'. Watch these  videos  to find out how! 
 This kit which costs Rs. 2,539 with shipping is available as a set at Rs. 2,300 with FREE SHIPPING!
[Meta Description]: A simple, easy to use work-from-home coffee kit to make endless cups of coffee through the day! This set comes with a stylish and futuristic TimeMore French Press that comes with a superior steel superfine filter and an additional filter for pouring, an artisanal handmade Maverick &amp; Farmer ceramic cup (find out mor",https://www.maverickandfarmer.com/products/the-work-from-home-kit-discounted-price,https://cdn.shopify.com/s/files/1/0296/1568/5768/products/workfromhomesetm_f.jpg?v=1602751786,:2300.00,
Maverick and Farmer,Two Beans In A Pod,Rs. 700.00,INR,"Cocoa beans, like coffee beans, go through a similar fermentation process once harvested and scooped out of the pod. Fermentation gives the beans a complexity in flavour apart from being necessary to prepare the beans for the next step - roasting..  
 With Two Beans In A Pod, we've developed a unique method of fermenting freshly harvested beans of both cocoa and coffee, allowing a whole new world of microbes and sugar seeking bio-reactions to take over the process and in turn creating some really ingenious and beautiful flavours.  
 Two Beans In A Pod is part of our 6 Maverick coffees for 21/22. 
  
 Bean: Single estate Arabica coffee and Malnad Cocoa 
 Process: Washed, primary and secondary fermented 
 Roast Profile: medium 
 Tasting notes: Chocolate (obviously!), Ripe Plum
[Meta Description]: Cocoa beans, like coffee beans, go through a similar fermentation process once harvested and scooped out of the pod. Fermentation gives the beans a complexity in flavour apart from being necessary to prepare the beans for the next step - roasting..  With Two Beans In A Pod, we've developed a unique method of fermenting",https://www.maverickandfarmer.com/products/copy-of-what-the-ale,https://cdn.shopify.com/s/files/1/0296/1568/5768/products/twobeansinapod.jpg?v=1642162282,200g:700.00,
