product_id,product_name,variant_title,price,vendor,type,description
4926459347026,Vontekad Estate SLN795 [Farm Organic Washed] [Espresso Roast] - Whole Beans / 200gm,Whole Beans / 200gm,795.0,Quick Brown Fox Coffee Roasters,,
4926459347026,Vontekad Estate SLN795 [Farm Organic Washed] [Espresso Roast] - Whole Beans / 1kg,Whole Beans / 1kg,3600.0,Quick Brown Fox Coffee Roasters,,
4926459347026,Vontekad Estate SLN795 [Farm Organic Washed] [Espresso Roast] - Turkish / 200gm,Turkish / 200gm,795.0,Quick Brown Fox Coffee Roasters,,
4926459347026,Vontekad Estate SLN795 [Farm Organic Washed] [Espresso Roast] - Turkish / 1kg,Turkish / 1kg,3600.0,Quick Brown Fox Coffee Roasters,,
4926459347026,Vontekad Estate SLN795 [Farm Organic Washed] [Espresso Roast] - Espresso / 200gm,Espresso / 200gm,795.0,Quick Brown Fox Coffee Roasters,,
4926459347026,Vontekad Estate SLN795 [Farm Organic Washed] [Espresso Roast] - Espresso / 1kg,Espresso / 1kg,3600.0,Quick Brown Fox Coffee Roasters,,
4926459347026,Vontekad Estate SLN795 [Farm Organic Washed] [Espresso Roast] - Aeropress / 200gm,Aeropress / 200gm,795.0,Quick Brown Fox Coffee Roasters,,
4926459347026,Vontekad Estate SLN795 [Farm Organic Washed] [Espresso Roast] - Aeropress / 1kg,Aeropress / 1kg,3600.0,Quick Brown Fox Coffee Roasters,,
4926459347026,Vontekad Estate SLN795 [Farm Organic Washed] [Espresso Roast] - South Indian Filter / 200gm,South Indian Filter / 200gm,795.0,Quick Brown Fox Coffee Roasters,,
4926459347026,Vontekad Estate SLN795 [Farm Organic Washed] [Espresso Roast] - South Indian Filter / 1kg,South Indian Filter / 1kg,3600.0,Quick Brown Fox Coffee Roasters,,
4926459347026,Vontekad Estate SLN795 [Farm Organic Washed] [Espresso Roast] - Moka Pot / 200gm,Moka Pot / 200gm,795.0,Quick Brown Fox Coffee Roasters,,
4926459347026,Vontekad Estate SLN795 [Farm Organic Washed] [Espresso Roast] - Moka Pot / 1kg,Moka Pot / 1kg,3600.0,Quick Brown Fox Coffee Roasters,,
4926459347026,Vontekad Estate SLN795 [Farm Organic Washed] [Espresso Roast] - Pour Over / 200gm,Pour Over / 200gm,795.0,Quick Brown Fox Coffee Roasters,,
4926459347026,Vontekad Estate SLN795 [Farm Organic Washed] [Espresso Roast] - Pour Over / 1kg,Pour Over / 1kg,3600.0,Quick Brown Fox Coffee Roasters,,
4926459347026,Vontekad Estate SLN795 [Farm Organic Washed] [Espresso Roast] - Coffee Filter / 200gm,Coffee Filter / 200gm,795.0,Quick Brown Fox Coffee Roasters,,
4926459347026,Vontekad Estate SLN795 [Farm Organic Washed] [Espresso Roast] - Coffee Filter / 1kg,Coffee Filter / 1kg,3600.0,Quick Brown Fox Coffee Roasters,,
4926459347026,Vontekad Estate SLN795 [Farm Organic Washed] [Espresso Roast] - Inverted Aeropress / 200gm,Inverted Aeropress / 200gm,795.0,Quick Brown Fox Coffee Roasters,,
4926459347026,Vontekad Estate SLN795 [Farm Organic Washed] [Espresso Roast] - Inverted Aeropress / 1kg,Inverted Aeropress / 1kg,3600.0,Quick Brown Fox Coffee Roasters,,
4926459347026,Vontekad Estate SLN795 [Farm Organic Washed] [Espresso Roast] - Cold Brew / 200gm,Cold Brew / 200gm,795.0,Quick Brown Fox Coffee Roasters,,
4926459347026,Vontekad Estate SLN795 [Farm Organic Washed] [Espresso Roast] - Cold Brew / 1kg,Cold Brew / 1kg,3600.0,Quick Brown Fox Coffee Roasters,,
4926459347026,Vontekad Estate SLN795 [Farm Organic Washed] [Espresso Roast] - French Press / 200gm,French Press / 200gm,795.0,Quick Brown Fox Coffee Roasters,,
4926459347026,Vontekad Estate SLN795 [Farm Organic Washed] [Espresso Roast] - French Press / 1kg,French Press / 1kg,3600.0,Quick Brown Fox Coffee Roasters,,
6617885212754,Cold Brew Blend - Whole Beans / 200gm,Whole Beans / 200gm,625.0,Quick Brown Fox Coffee Roasters,,
6617885212754,Cold Brew Blend - Whole Beans / 1kg,Whole Beans / 1kg,2925.0,Quick Brown Fox Coffee Roasters,,
6617885212754,Cold Brew Blend - Turkish / 200gm,Turkish / 200gm,625.0,Quick Brown Fox Coffee Roasters,,
6617885212754,Cold Brew Blend - Turkish / 1kg,Turkish / 1kg,2925.0,Quick Brown Fox Coffee Roasters,,
6617885212754,Cold Brew Blend - Espresso / 200gm,Espresso / 200gm,625.0,Quick Brown Fox Coffee Roasters,,
6617885212754,Cold Brew Blend - Espresso / 1kg,Espresso / 1kg,2925.0,Quick Brown Fox Coffee Roasters,,
6617885212754,Cold Brew Blend - Aeropress / 200gm,Aeropress / 200gm,625.0,Quick Brown Fox Coffee Roasters,,
6617885212754,Cold Brew Blend - Aeropress / 1kg,Aeropress / 1kg,2925.0,Quick Brown Fox Coffee Roasters,,
6617885212754,Cold Brew Blend - South Indian Filter / 200gm,South Indian Filter / 200gm,625.0,Quick Brown Fox Coffee Roasters,,
6617885212754,Cold Brew Blend - South Indian Filter / 1kg,South Indian Filter / 1kg,2925.0,Quick Brown Fox Coffee Roasters,,
6617885212754,Cold Brew Blend - Moka Pot / 200gm,Moka Pot / 200gm,625.0,Quick Brown Fox Coffee Roasters,,
6617885212754,Cold Brew Blend - Moka Pot / 1kg,Moka Pot / 1kg,2925.0,Quick Brown Fox Coffee Roasters,,
6617885212754,Cold Brew Blend - Pour Over / 200gm,Pour Over / 200gm,625.0,Quick Brown Fox Coffee Roasters,,
6617885212754,Cold Brew Blend - Pour Over / 1kg,Pour Over / 1kg,2925.0,Quick Brown Fox Coffee Roasters,,
6617885212754,Cold Brew Blend - Coffee Filter / 200gm,Coffee Filter / 200gm,625.0,Quick Brown Fox Coffee Roasters,,
6617885212754,Cold Brew Blend - Coffee Filter / 1kg,Coffee Filter / 1kg,2925.0,Quick Brown Fox Coffee Roasters,,
6617885212754,Cold Brew Blend - Inverted Aeropress / 200gm,Inverted Aeropress / 200gm,625.0,Quick Brown Fox Coffee Roasters,,
6617885212754,Cold Brew Blend - Inverted Aeropress / 1kg,Inverted Aeropress / 1kg,2925.0,Quick Brown Fox Coffee Roasters,,
6617885212754,Cold Brew Blend - Cold Brew / 200gm,Cold Brew / 200gm,625.0,Quick Brown Fox Coffee Roasters,,
6617885212754,Cold Brew Blend - Cold Brew / 1kg,Cold Brew / 1kg,2925.0,Quick Brown Fox Coffee Roasters,,
6617885212754,Cold Brew Blend - French Press / 200gm,French Press / 200gm,625.0,Quick Brown Fox Coffee Roasters,,
6617885212754,Cold Brew Blend - French Press / 1kg,French Press / 1kg,2925.0,Quick Brown Fox Coffee Roasters,,
6761963946066,Middle Ground [Espresso Blend] - Whole Beans / 200gm,Whole Beans / 200gm,625.0,Quick Brown Fox Coffee Roasters,,
6761963946066,Middle Ground [Espresso Blend] - Whole Beans / 1kg,Whole Beans / 1kg,2925.0,Quick Brown Fox Coffee Roasters,,
6761963946066,Middle Ground [Espresso Blend] - Turkish / 200gm,Turkish / 200gm,625.0,Quick Brown Fox Coffee Roasters,,
6761963946066,Middle Ground [Espresso Blend] - Turkish / 1kg,Turkish / 1kg,2925.0,Quick Brown Fox Coffee Roasters,,
6761963946066,Middle Ground [Espresso Blend] - Espresso / 200gm,Espresso / 200gm,625.0,Quick Brown Fox Coffee Roasters,,
6761963946066,Middle Ground [Espresso Blend] - Espresso / 1kg,Espresso / 1kg,2925.0,Quick Brown Fox Coffee Roasters,,
6761963946066,Middle Ground [Espresso Blend] - Aeropress / 200gm,Aeropress / 200gm,625.0,Quick Brown Fox Coffee Roasters,,
6761963946066,Middle Ground [Espresso Blend] - Aeropress / 1kg,Aeropress / 1kg,2925.0,Quick Brown Fox Coffee Roasters,,
6761963946066,Middle Ground [Espresso Blend] - South Indian Filter / 200gm,South Indian Filter / 200gm,625.0,Quick Brown Fox Coffee Roasters,,
6761963946066,Middle Ground [Espresso Blend] - South Indian Filter / 1kg,South Indian Filter / 1kg,2925.0,Quick Brown Fox Coffee Roasters,,
6761963946066,Middle Ground [Espresso Blend] - Moka Pot / 200gm,Moka Pot / 200gm,625.0,Quick Brown Fox Coffee Roasters,,
6761963946066,Middle Ground [Espresso Blend] - Moka Pot / 1kg,Moka Pot / 1kg,2925.0,Quick Brown Fox Coffee Roasters,,
6761963946066,Middle Ground [Espresso Blend] - Pour Over / 200gm,Pour Over / 200gm,625.0,Quick Brown Fox Coffee Roasters,,
6761963946066,Middle Ground [Espresso Blend] - Pour Over / 1kg,Pour Over / 1kg,2925.0,Quick Brown Fox Coffee Roasters,,
6761963946066,Middle Ground [Espresso Blend] - Coffee Filter / 200gm,Coffee Filter / 200gm,625.0,Quick Brown Fox Coffee Roasters,,
6761963946066,Middle Ground [Espresso Blend] - Coffee Filter / 1kg,Coffee Filter / 1kg,2925.0,Quick Brown Fox Coffee Roasters,,
6761963946066,Middle Ground [Espresso Blend] - Inverted Aeropress / 200gm,Inverted Aeropress / 200gm,625.0,Quick Brown Fox Coffee Roasters,,
6761963946066,Middle Ground [Espresso Blend] - Inverted Aeropress / 1kg,Inverted Aeropress / 1kg,2925.0,Quick Brown Fox Coffee Roasters,,
6761963946066,Middle Ground [Espresso Blend] - Cold Brew / 200gm,Cold Brew / 200gm,625.0,Quick Brown Fox Coffee Roasters,,
6761963946066,Middle Ground [Espresso Blend] - Cold Brew / 1kg,Cold Brew / 1kg,2925.0,Quick Brown Fox Coffee Roasters,,
6761963946066,Middle Ground [Espresso Blend] - French Press / 200gm,French Press / 200gm,625.0,Quick Brown Fox Coffee Roasters,,
6761963946066,Middle Ground [Espresso Blend] - French Press / 1kg,French Press / 1kg,2925.0,Quick Brown Fox Coffee Roasters,,
7025611505746,Badnekhan Estate SL33 Caturra [Washed] [Espresso Roast] - Whole Beans / 200gm,Whole Beans / 200gm,775.0,Quick Brown Fox Coffee Roasters,,
7025611505746,Badnekhan Estate SL33 Caturra [Washed] [Espresso Roast] - Whole Beans / 1kg,Whole Beans / 1kg,3500.0,Quick Brown Fox Coffee Roasters,,
7025611505746,Badnekhan Estate SL33 Caturra [Washed] [Espresso Roast] - Turkish / 200gm,Turkish / 200gm,775.0,Quick Brown Fox Coffee Roasters,,
7025611505746,Badnekhan Estate SL33 Caturra [Washed] [Espresso Roast] - Turkish / 1kg,Turkish / 1kg,3500.0,Quick Brown Fox Coffee Roasters,,
7025611505746,Badnekhan Estate SL33 Caturra [Washed] [Espresso Roast] - Espresso / 200gm,Espresso / 200gm,775.0,Quick Brown Fox Coffee Roasters,,
7025611505746,Badnekhan Estate SL33 Caturra [Washed] [Espresso Roast] - Espresso / 1kg,Espresso / 1kg,3500.0,Quick Brown Fox Coffee Roasters,,
7025611505746,Badnekhan Estate SL33 Caturra [Washed] [Espresso Roast] - Aeropress / 200gm,Aeropress / 200gm,775.0,Quick Brown Fox Coffee Roasters,,
7025611505746,Badnekhan Estate SL33 Caturra [Washed] [Espresso Roast] - Aeropress / 1kg,Aeropress / 1kg,3500.0,Quick Brown Fox Coffee Roasters,,
7025611505746,Badnekhan Estate SL33 Caturra [Washed] [Espresso Roast] - South Indian Filter / 200gm,South Indian Filter / 200gm,775.0,Quick Brown Fox Coffee Roasters,,
7025611505746,Badnekhan Estate SL33 Caturra [Washed] [Espresso Roast] - South Indian Filter / 1kg,South Indian Filter / 1kg,3500.0,Quick Brown Fox Coffee Roasters,,
7025611505746,Badnekhan Estate SL33 Caturra [Washed] [Espresso Roast] - Moka Pot / 200gm,Moka Pot / 200gm,775.0,Quick Brown Fox Coffee Roasters,,
7025611505746,Badnekhan Estate SL33 Caturra [Washed] [Espresso Roast] - Moka Pot / 1kg,Moka Pot / 1kg,3500.0,Quick Brown Fox Coffee Roasters,,
7025611505746,Badnekhan Estate SL33 Caturra [Washed] [Espresso Roast] - Pour Over / 200gm,Pour Over / 200gm,775.0,Quick Brown Fox Coffee Roasters,,
7025611505746,Badnekhan Estate SL33 Caturra [Washed] [Espresso Roast] - Pour Over / 1kg,Pour Over / 1kg,3500.0,Quick Brown Fox Coffee Roasters,,
7025611505746,Badnekhan Estate SL33 Caturra [Washed] [Espresso Roast] - Coffee Filter / 200gm,Coffee Filter / 200gm,775.0,Quick Brown Fox Coffee Roasters,,
7025611505746,Badnekhan Estate SL33 Caturra [Washed] [Espresso Roast] - Coffee Filter / 1kg,Coffee Filter / 1kg,3500.0,Quick Brown Fox Coffee Roasters,,
7025611505746,Badnekhan Estate SL33 Caturra [Washed] [Espresso Roast] - Inverted Aeropress / 200gm,Inverted Aeropress / 200gm,775.0,Quick Brown Fox Coffee Roasters,,
7025611505746,Badnekhan Estate SL33 Caturra [Washed] [Espresso Roast] - Inverted Aeropress / 1kg,Inverted Aeropress / 1kg,3500.0,Quick Brown Fox Coffee Roasters,,
7025611505746,Badnekhan Estate SL33 Caturra [Washed] [Espresso Roast] - Cold Brew / 200gm,Cold Brew / 200gm,775.0,Quick Brown Fox Coffee Roasters,,
7025611505746,Badnekhan Estate SL33 Caturra [Washed] [Espresso Roast] - Cold Brew / 1kg,Cold Brew / 1kg,3500.0,Quick Brown Fox Coffee Roasters,,
7025611505746,Badnekhan Estate SL33 Caturra [Washed] [Espresso Roast] - French Press / 200gm,French Press / 200gm,775.0,Quick Brown Fox Coffee Roasters,,
7025611505746,Badnekhan Estate SL33 Caturra [Washed] [Espresso Roast] - French Press / 1kg,French Press / 1kg,3500.0,Quick Brown Fox Coffee Roasters,,
7120150659154,Colombia Decaf [Espresso Roast] - Whole Beans / 200gm,Whole Beans / 200gm,1300.0,Quick Brown Fox Coffee Roasters,,
7120150659154,Colombia Decaf [Espresso Roast] - Whole Beans / 1kg,Whole Beans / 1kg,6000.0,Quick Brown Fox Coffee Roasters,,
7120150659154,Colombia Decaf [Espresso Roast] - Turkish / 200gm,Turkish / 200gm,1300.0,Quick Brown Fox Coffee Roasters,,
7120150659154,Colombia Decaf [Espresso Roast] - Turkish / 1kg,Turkish / 1kg,6000.0,Quick Brown Fox Coffee Roasters,,
7120150659154,Colombia Decaf [Espresso Roast] - Espresso / 200gm,Espresso / 200gm,1300.0,Quick Brown Fox Coffee Roasters,,
7120150659154,Colombia Decaf [Espresso Roast] - Espresso / 1kg,Espresso / 1kg,6000.0,Quick Brown Fox Coffee Roasters,,
7120150659154,Colombia Decaf [Espresso Roast] - Aeropress / 200gm,Aeropress / 200gm,1300.0,Quick Brown Fox Coffee Roasters,,
7120150659154,Colombia Decaf [Espresso Roast] - Aeropress / 1kg,Aeropress / 1kg,6000.0,Quick Brown Fox Coffee Roasters,,
7120150659154,Colombia Decaf [Espresso Roast] - South Indian Filter / 200gm,South Indian Filter / 200gm,1300.0,Quick Brown Fox Coffee Roasters,,
7120150659154,Colombia Decaf [Espresso Roast] - South Indian Filter / 1kg,South Indian Filter / 1kg,6000.0,Quick Brown Fox Coffee Roasters,,
7120150659154,Colombia Decaf [Espresso Roast] - Moka Pot / 200gm,Moka Pot / 200gm,1300.0,Quick Brown Fox Coffee Roasters,,
7120150659154,Colombia Decaf [Espresso Roast] - Moka Pot / 1kg,Moka Pot / 1kg,6000.0,Quick Brown Fox Coffee Roasters,,
7120150659154,Colombia Decaf [Espresso Roast] - Pour Over / 200gm,Pour Over / 200gm,1300.0,Quick Brown Fox Coffee Roasters,,
7120150659154,Colombia Decaf [Espresso Roast] - Pour Over / 1kg,Pour Over / 1kg,6000.0,Quick Brown Fox Coffee Roasters,,
7120150659154,Colombia Decaf [Espresso Roast] - Coffee Filter / 200gm,Coffee Filter / 200gm,1300.0,Quick Brown Fox Coffee Roasters,,
7120150659154,Colombia Decaf [Espresso Roast] - Coffee Filter / 1kg,Coffee Filter / 1kg,6000.0,Quick Brown Fox Coffee Roasters,,
7120150659154,Colombia Decaf [Espresso Roast] - Inverted Aeropress / 200gm,Inverted Aeropress / 200gm,1300.0,Quick Brown Fox Coffee Roasters,,
7120150659154,Colombia Decaf [Espresso Roast] - Inverted Aeropress / 1kg,Inverted Aeropress / 1kg,6000.0,Quick Brown Fox Coffee Roasters,,
7120150659154,Colombia Decaf [Espresso Roast] - Cold Brew / 200gm,Cold Brew / 200gm,1300.0,Quick Brown Fox Coffee Roasters,,
7120150659154,Colombia Decaf [Espresso Roast] - Cold Brew / 1kg,Cold Brew / 1kg,6000.0,Quick Brown Fox Coffee Roasters,,
7120150659154,Colombia Decaf [Espresso Roast] - French Press / 200gm,French Press / 200gm,1300.0,Quick Brown Fox Coffee Roasters,,
7120150659154,Colombia Decaf [Espresso Roast] - French Press / 1kg,French Press / 1kg,6000.0,Quick Brown Fox Coffee Roasters,,
7456727564370,C&T Estates [Yeast Anaerobic Naturals] [Filter Roast] [Microlot] - Whole Beans / 200gm,Whole Beans / 200gm,895.0,Quick Brown Fox Coffee Roasters,,
7456727564370,C&T Estates [Yeast Anaerobic Naturals] [Filter Roast] [Microlot] - Turkish / 200gm,Turkish / 200gm,895.0,Quick Brown Fox Coffee Roasters,,
7456727564370,C&T Estates [Yeast Anaerobic Naturals] [Filter Roast] [Microlot] - Espresso / 200gm,Espresso / 200gm,895.0,Quick Brown Fox Coffee Roasters,,
7456727564370,C&T Estates [Yeast Anaerobic Naturals] [Filter Roast] [Microlot] - Aeropress / 200gm,Aeropress / 200gm,895.0,Quick Brown Fox Coffee Roasters,,
7456727564370,C&T Estates [Yeast Anaerobic Naturals] [Filter Roast] [Microlot] - South Indian Filter / 200gm,South Indian Filter / 200gm,895.0,Quick Brown Fox Coffee Roasters,,
7456727564370,C&T Estates [Yeast Anaerobic Naturals] [Filter Roast] [Microlot] - Moka Pot / 200gm,Moka Pot / 200gm,895.0,Quick Brown Fox Coffee Roasters,,
7456727564370,C&T Estates [Yeast Anaerobic Naturals] [Filter Roast] [Microlot] - Pour Over / 200gm,Pour Over / 200gm,895.0,Quick Brown Fox Coffee Roasters,,
7456727564370,C&T Estates [Yeast Anaerobic Naturals] [Filter Roast] [Microlot] - Coffee Filter / 200gm,Coffee Filter / 200gm,895.0,Quick Brown Fox Coffee Roasters,,
7456727564370,C&T Estates [Yeast Anaerobic Naturals] [Filter Roast] [Microlot] - Inverted Aeropress / 200gm,Inverted Aeropress / 200gm,895.0,Quick Brown Fox Coffee Roasters,,
7456727564370,C&T Estates [Yeast Anaerobic Naturals] [Filter Roast] [Microlot] - Cold Brew / 200gm,Cold Brew / 200gm,895.0,Quick Brown Fox Coffee Roasters,,
7456727564370,C&T Estates [Yeast Anaerobic Naturals] [Filter Roast] [Microlot] - French Press / 200gm,French Press / 200gm,895.0,Quick Brown Fox Coffee Roasters,,
7462737248338,Attikan Estate Catimor [Culture Washed] [Espresso Roast] - Whole Beans / 200gm,Whole Beans / 200gm,775.0,Quick Brown Fox Coffee Roasters,,
7462737248338,Attikan Estate Catimor [Culture Washed] [Espresso Roast] - Whole Beans / 1kg,Whole Beans / 1kg,3500.0,Quick Brown Fox Coffee Roasters,,
7462737248338,Attikan Estate Catimor [Culture Washed] [Espresso Roast] - Turkish / 200gm,Turkish / 200gm,775.0,Quick Brown Fox Coffee Roasters,,
7462737248338,Attikan Estate Catimor [Culture Washed] [Espresso Roast] - Turkish / 1kg,Turkish / 1kg,3500.0,Quick Brown Fox Coffee Roasters,,
7462737248338,Attikan Estate Catimor [Culture Washed] [Espresso Roast] - Espresso / 200gm,Espresso / 200gm,775.0,Quick Brown Fox Coffee Roasters,,
7462737248338,Attikan Estate Catimor [Culture Washed] [Espresso Roast] - Espresso / 1kg,Espresso / 1kg,3500.0,Quick Brown Fox Coffee Roasters,,
7462737248338,Attikan Estate Catimor [Culture Washed] [Espresso Roast] - Aeropress / 200gm,Aeropress / 200gm,775.0,Quick Brown Fox Coffee Roasters,,
7462737248338,Attikan Estate Catimor [Culture Washed] [Espresso Roast] - Aeropress / 1kg,Aeropress / 1kg,3500.0,Quick Brown Fox Coffee Roasters,,
7462737248338,Attikan Estate Catimor [Culture Washed] [Espresso Roast] - South Indian Filter / 200gm,South Indian Filter / 200gm,775.0,Quick Brown Fox Coffee Roasters,,
7462737248338,Attikan Estate Catimor [Culture Washed] [Espresso Roast] - South Indian Filter / 1kg,South Indian Filter / 1kg,3500.0,Quick Brown Fox Coffee Roasters,,
7462737248338,Attikan Estate Catimor [Culture Washed] [Espresso Roast] - Moka Pot / 200gm,Moka Pot / 200gm,775.0,Quick Brown Fox Coffee Roasters,,
7462737248338,Attikan Estate Catimor [Culture Washed] [Espresso Roast] - Moka Pot / 1kg,Moka Pot / 1kg,3500.0,Quick Brown Fox Coffee Roasters,,
7462737248338,Attikan Estate Catimor [Culture Washed] [Espresso Roast] - Pour Over / 200gm,Pour Over / 200gm,775.0,Quick Brown Fox Coffee Roasters,,
7462737248338,Attikan Estate Catimor [Culture Washed] [Espresso Roast] - Pour Over / 1kg,Pour Over / 1kg,3500.0,Quick Brown Fox Coffee Roasters,,
7462737248338,Attikan Estate Catimor [Culture Washed] [Espresso Roast] - Coffee Filter / 200gm,Coffee Filter / 200gm,775.0,Quick Brown Fox Coffee Roasters,,
7462737248338,Attikan Estate Catimor [Culture Washed] [Espresso Roast] - Coffee Filter / 1kg,Coffee Filter / 1kg,3500.0,Quick Brown Fox Coffee Roasters,,
7462737248338,Attikan Estate Catimor [Culture Washed] [Espresso Roast] - Inverted Aeropress / 200gm,Inverted Aeropress / 200gm,775.0,Quick Brown Fox Coffee Roasters,,
7462737248338,Attikan Estate Catimor [Culture Washed] [Espresso Roast] - Inverted Aeropress / 1kg,Inverted Aeropress / 1kg,3500.0,Quick Brown Fox Coffee Roasters,,
7462737248338,Attikan Estate Catimor [Culture Washed] [Espresso Roast] - Cold Brew / 200gm,Cold Brew / 200gm,775.0,Quick Brown Fox Coffee Roasters,,
7462737248338,Attikan Estate Catimor [Culture Washed] [Espresso Roast] - Cold Brew / 1kg,Cold Brew / 1kg,3500.0,Quick Brown Fox Coffee Roasters,,
7462737248338,Attikan Estate Catimor [Culture Washed] [Espresso Roast] - French Press / 200gm,French Press / 200gm,775.0,Quick Brown Fox Coffee Roasters,,
7462737248338,Attikan Estate Catimor [Culture Washed] [Espresso Roast] - French Press / 1kg,French Press / 1kg,3500.0,Quick Brown Fox Coffee Roasters,,
7462746980434,Karadykan Estate [Yeast Anaerobic Naturals] [Filter Roast] [Microlot] - Whole Beans / 200gm,Whole Beans / 200gm,950.0,Quick Brown Fox Coffee Roasters,,
7462746980434,Karadykan Estate [Yeast Anaerobic Naturals] [Filter Roast] [Microlot] - Turkish / 200gm,Turkish / 200gm,950.0,Quick Brown Fox Coffee Roasters,,
7462746980434,Karadykan Estate [Yeast Anaerobic Naturals] [Filter Roast] [Microlot] - Espresso / 200gm,Espresso / 200gm,950.0,Quick Brown Fox Coffee Roasters,,
7462746980434,Karadykan Estate [Yeast Anaerobic Naturals] [Filter Roast] [Microlot] - Aeropress / 200gm,Aeropress / 200gm,950.0,Quick Brown Fox Coffee Roasters,,
7462746980434,Karadykan Estate [Yeast Anaerobic Naturals] [Filter Roast] [Microlot] - South Indian Filter / 200gm,South Indian Filter / 200gm,950.0,Quick Brown Fox Coffee Roasters,,
7462746980434,Karadykan Estate [Yeast Anaerobic Naturals] [Filter Roast] [Microlot] - Moka Pot / 200gm,Moka Pot / 200gm,950.0,Quick Brown Fox Coffee Roasters,,
7462746980434,Karadykan Estate [Yeast Anaerobic Naturals] [Filter Roast] [Microlot] - Pour Over / 200gm,Pour Over / 200gm,950.0,Quick Brown Fox Coffee Roasters,,
7462746980434,Karadykan Estate [Yeast Anaerobic Naturals] [Filter Roast] [Microlot] - Coffee Filter / 200gm,Coffee Filter / 200gm,950.0,Quick Brown Fox Coffee Roasters,,
7462746980434,Karadykan Estate [Yeast Anaerobic Naturals] [Filter Roast] [Microlot] - Inverted Aeropress / 200gm,Inverted Aeropress / 200gm,950.0,Quick Brown Fox Coffee Roasters,,
7462746980434,Karadykan Estate [Yeast Anaerobic Naturals] [Filter Roast] [Microlot] - Cold Brew / 200gm,Cold Brew / 200gm,950.0,Quick Brown Fox Coffee Roasters,,
7462746980434,Karadykan Estate [Yeast Anaerobic Naturals] [Filter Roast] [Microlot] - French Press / 200gm,French Press / 200gm,950.0,Quick Brown Fox Coffee Roasters,,
7476161839186,Ratnagiri Estate [Bioreactor Intenso Naturals - Dark Room Dried] [Filter Roast] [Micro-Lot] - Whole Beans / 200gm,Whole Beans / 200gm,999.0,Quick Brown Fox Coffee Roasters,,
7476161839186,Ratnagiri Estate [Bioreactor Intenso Naturals - Dark Room Dried] [Filter Roast] [Micro-Lot] - Turkish / 200gm,Turkish / 200gm,999.0,Quick Brown Fox Coffee Roasters,,
7476161839186,Ratnagiri Estate [Bioreactor Intenso Naturals - Dark Room Dried] [Filter Roast] [Micro-Lot] - Espresso / 200gm,Espresso / 200gm,999.0,Quick Brown Fox Coffee Roasters,,
7476161839186,Ratnagiri Estate [Bioreactor Intenso Naturals - Dark Room Dried] [Filter Roast] [Micro-Lot] - Aeropress / 200gm,Aeropress / 200gm,999.0,Quick Brown Fox Coffee Roasters,,
7476161839186,Ratnagiri Estate [Bioreactor Intenso Naturals - Dark Room Dried] [Filter Roast] [Micro-Lot] - South Indian Filter / 200gm,South Indian Filter / 200gm,999.0,Quick Brown Fox Coffee Roasters,,
7476161839186,Ratnagiri Estate [Bioreactor Intenso Naturals - Dark Room Dried] [Filter Roast] [Micro-Lot] - Moka Pot / 200gm,Moka Pot / 200gm,999.0,Quick Brown Fox Coffee Roasters,,
7476161839186,Ratnagiri Estate [Bioreactor Intenso Naturals - Dark Room Dried] [Filter Roast] [Micro-Lot] - Pour Over / 200gm,Pour Over / 200gm,999.0,Quick Brown Fox Coffee Roasters,,
7476161839186,Ratnagiri Estate [Bioreactor Intenso Naturals - Dark Room Dried] [Filter Roast] [Micro-Lot] - Coffee Filter / 200gm,Coffee Filter / 200gm,999.0,Quick Brown Fox Coffee Roasters,,
7476161839186,Ratnagiri Estate [Bioreactor Intenso Naturals - Dark Room Dried] [Filter Roast] [Micro-Lot] - Inverted Aeropress / 200gm,Inverted Aeropress / 200gm,999.0,Quick Brown Fox Coffee Roasters,,
7476161839186,Ratnagiri Estate [Bioreactor Intenso Naturals - Dark Room Dried] [Filter Roast] [Micro-Lot] - Cold Brew / 200gm,Cold Brew / 200gm,999.0,Quick Brown Fox Coffee Roasters,,
7476161839186,Ratnagiri Estate [Bioreactor Intenso Naturals - Dark Room Dried] [Filter Roast] [Micro-Lot] - French Press / 200gm,French Press / 200gm,999.0,Quick Brown Fox Coffee Roasters,,
