roaster,name,price,currency,description,product_url,image_url,variants
Subko,"Riverdale Estate: Yercaud, Tamil Nadu | Double Ferment Natural| Light Roast",₹1095.0,INR,"Single Origin Arabica Micro lot from Riverdale Estate, Tamil Nadu, India Light Roast (200g) Process : Double Fermented Natural Varietal: SLN9 Agtron Meter: 88 Best Suited: Filter Roast Cupper's Notes: White Wine, Peach, Honey Best Brewed With Please note that the best brewed with list is not comprehensive and does not dictate that the coffees cannot be brewed with any other methods. These are the methods we think will extract the best possible cup. However, this coffee can be ground and enjoyed with any brew method that you desire. Filter Roast Manual brewing methods fall under the artisanal brewing style of coffee. Roasting coffee is also an art, we have developed this filter roast to maintain the quality while brewing over Pour over, Kalita, V60, Origami, April, and Chemex. About The Process At Riverdale Estate in the Shevaroy Hills, we meticulously handpick ripe coffee cherries with a Brix level of 25° or higher, ensuring optimal sweetness and flavour potential. Post-harvest, cherries undergo triple washing with natural spring water and density sorting to select only the most robust beans. We then infuse the cherries with Malabar plum (Syzygium cumini), a fruit rich in natural sugars and polyphenols, extending fermentation to 80 hours. This infusion enhances the coffee's acidity and fruity complexity. Following fermentation, cherries are sundried on raised beds for 30 days, promoting even drying and flavour development. The beans are then hulled, hand-sorted for quality, and vacuum-packed to maintain optimal moisture and freshness. This meticulous process yields a vibrant cup with delicate floral notes and a smooth, natural sweetness, reflecting our commitment to exceptional coffee craftsmanship. About the Roast Light Roast : At Subko, a light roast is one that is obtained by dropping the coffee lot at 186°-189°C. These roasts typically showcase a sensory profile that is delicate,floral and tea-like, and fruit-forward. In terms of the Agtron scale, Subko's defini",https://www.subko.coffee/products/riverdale-estate-yercaud-tamil-nadu-double-ferment-natural-light-roast,https://cdn.shopify.com/s/files/1/0308/0857/1963/files/x.png?v=1771308854,200g:1095.00; 200g:1095.00; 200g:1095.00; 200g:1095.00; 200g:1095.00; 200g:1095.00; 200g:1095.00; 200g:1095.00; 200g:1095.00; 200g:1095.00; 200g:1095.00; 200g:1095.00
Subko,Jaago Can [250 ML] Pack of 4,₹980.0,INR,"Jaago, Jaago, Jaago. Canned, chilled concoction featuring Oat Milk + Subko House Blend Espresso + House Jaggery Syrup. Keep Refrigerated & Shake Before Consuming.",https://www.subko.coffee/products/jaago-bottle-250ml,https://cdn.shopify.com/s/files/1/0308/0857/1963/products/Screenshot2022-08-25at8.36.30am.png?v=1661396856,
Subko,Everyday Arabica Y2K Pro,₹8500.0,INR,"Limited to 250 pairs. Everyday Arabica: this isn't just a sneaker, it’s a revolution. Everyday Arabica is a collaborative, limited-edition drop by Subko and Thaely, using the Y2K Pro silhouette as a canvas for sustainable innovation. Each pair features an engineered sole composed of 25-45 grams of spent Subko Specialty Coffee grounds and recycled rubber, 10 upcycled plastic bags, 12 recycled plastic bottles, and 100% vegan glue. The packaging continues the commitment with a reusable tote made from 4 plastic bottles, and a recycled-paper shoebox dyed with Subko’s spent coffee and embedded with basil seeds: designed to live on, even after unboxing. Returns & Exchanges: Due to the exclusive nature of this release, we do not offer returns or exchanges so please check the size chart before you purchase a pair.",https://www.subko.coffee/products/everyday-arabica-y2k-pro,https://cdn.shopify.com/s/files/1/0308/0857/1963/files/Web-listing-01.png?v=1750683078,4:8500.00; 5:8500.00; 6:8500.00; 7:8500.00; 8:8500.00; 9:8500.00; 10:8500.00; 11:8500.00; 12:8500.00
Subko,"Project Pearl, Ratnagiri Estate, Karnataka (SCA 86+): Culture naturals+ Anaerobic Naturals: Filter Roast (Light)",₹995.0,INR,"Filter Blend from Ratnagiri Estate, Karnataka Filter Roast (Light) - (250g) Process : Culture Naturals+ Anaerobic Naturals Agtron Meter : 89 Altitude : 1356 MASL Varietal : Catuai + Hemavathi Cupper's Notes: Marigold, dragon fruit, peach tea. Flavour Meter Best Brewed With FILTER ROAST Please note that the best brewed with list is not comprehensive and does not dictate that the coffees cannot be brewed with any other methods. These are the the methods we think will extract the best possible cup. However, this coffee can be ground and enjoyed with any brew method that you desire. Filter Roast: Manual brewing methods fall under the artisanal brewing style of coffee. Roasting a coffee is also an art, we have developed this filter roast to maintain the quality while brewing over Pour over, Kalita, V60, Origami, April, Chemex. Culture naturals+ Anaerobic Naturals : - RT- YC -1/1: This is a 72-hour CULTURE PROCESS natural processed coffee. It is from the CATUAI varietal grown on our farm at 4400 feet from the block called GODOWN Patte. The Brix of the coffee cherries was 25.4 when harvested and they were put in the Bio fermenters after floater removal. A particular strain of yeast and lactic acid bacteria was added to the coffee in the fermenters and allowed to ferment for 72 hours in a carbon dioxide rich environment. After removing the coffee, they were directly put on raised beds for slow drying. The coffee was then dried slowly with constant stirring over the next 29 days. LAB PROCESS 07: This is a 60-hour anaerobic fermentation natural processed coffee. It is from the HEMAVTHI varietal grown on our farm at 4450 feet from the block called LINE Patte. The Brix of the coffee cherries was 23.9 when harvested and they were put in the Bio fermenters after floater removal and allowed to ferment for 60 hours in a Nitrogen rich environment with lab grown microbes isolated from the farm. After removing the coffee from the fermenters, it was directly put on raised beds for slow",https://www.subko.coffee/products/project-pearl-ratnagiri-estate-karnataka-sca-86-culture-naturals-anaerobic-naturals-filter-roast,https://cdn.shopify.com/s/files/1/0308/0857/1963/files/blend1label.png?v=1757600028,250g:995.00; 250g:995.00; 250g:995.00; 250g:995.00; 250g:995.00; 250g:995.00; 250g:995.00; 250g:995.00; 250g:995.00; 250g:995.00; 250g:995.00; 250g:995.00
Subko,[Every Week] A Day At The Cacao Mill: The Subko Cacao Mill Tour,₹1299.0,INR,"Explore The Cacao Mill, a one-of-a-kind chocolate factory, and learn how fine Indian cacao pods turn into craft chocolate bars that you spot on the shelves as Subko Cacao. From cracking open cacao pods tempering and setting chocolate, the tour will take you through stages of meticulously creating real chocolate. Date: Every Tuesday, Thursday, Saturday, Sunday Time: 4:00 PM - 7 :00PM Venue: The Cacao Mill, Colaba What to expect: Understand the process behind chocolate-making that blends art and science to create freshly processed cacao, from pod to bar Explore The Cacao Mill and gain insights into the different types of equipment used to create craft chocolate Taste fine cacao from the Indian subcontinent. Experience the Pod to Bar platter where each component of cacao in various stages is explained. Make your own chocolate bar with customizable toppings. Try our Subko Cacao shot made with cacao juice. The tours have a limited capacity of 10 people only. RSVP now to book your slot. Contact us on brand@subko.coffee for bulk bookings. Terms and Conditions We love your company and we would be anticipating your arrival at least twenty minutes prior to the starting time. Tickets once purchased are non-refundable.",https://www.subko.coffee/products/a-day-at-the-cacao-mill-subko-cacao-mill-tour,https://cdn.shopify.com/s/files/1/0308/0857/1963/files/Cacao_Mill_Workshops.png?v=1776070095,7th April 2026:1299.00; 9th April 2026:1299.00; 14th April 2026:1299.00; 16th April 2026:1299.00; 21st April 2026:1299.00; 23rd April 2026:1299.00; 28th April 2026:1299.00; 30th April 2026:1299.00
Subko,[4 Days a Week] MYOB: Make Your Own (Chocolate) Bar,₹395.0,INR,"Our MYOB activity at The Cacao Mill, where the Experiential Table transforms into a gateway to the process of making your own Craft Chocolate bar. Highly customisable, super fun, and as experimental or classic as you like. MYOB, guided by our Craft Chocolate experts at The Cacao Mill, is as simple as it is fun. Date: Every Tuesday, Thursday, Saturday and Sunday Time: 11:00 am to 9:00 pm Venue: The Cacao Mill, Colaba What to expect: MAKE YOUR OWN (CHOCOLATE) BAR. Your chocolate, your way. Step 1: Purchase your ticket at the till, and present it to the chef at the Experiential Table. Step 2: Pick your Craft Chocolate, from dark and milk to white, all made with fine cacao sourced from West Godavari, Andhra Pradesh. Step 3: Get creative and choose from a set of rotational toppings to add to your chocolate bar - croissant thins, cacao nibs and more. Step 4: Browse through The Cacao Mill, allowing our chocolate experts to let your bar set and package it up for you. Bite into your customized chocolate bar creation while you’re there, or take it home with you to savor over the next couple of days. There are no rules, really. Terms and Conditions We love your company and we would be anticipating your arrival at least twenty minutes prior to the starting time. Tickets once purchased are non-refundable.",https://www.subko.coffee/products/4-days-a-week-myob-make-your-own-chocolate-bar,https://cdn.shopify.com/s/files/1/0308/0857/1963/files/Artboard_6.png?v=1774604371,9th April:395.00; 11th April:395.00; 12th April:395.00; 14th April:395.00; 16th April:395.00; 18th April:395.00; 19th April:395.00; 21st April:395.00; 23rd April:395.00; 25th April:395.00; 26th April:395.00; 28th April:395.00; 30th April:395.00
Subko,"Mooleh Manay: Coorg, Karnataka | Excelsa | 84 Hours Yeast Inoculated Natural | Medium Roast",₹1095.0,INR,"Single Origin Arabica Microlot from Coorg, Karnataka, India Medium Roast (200g) Process : Carbonic Macerated Varietal: Excelsa Agtron Meter: 63 Best Suited: Filter Roast Cupper's Notes: Champagne, Green Grapes, Dry Dates. Best Brewed With FILTER ROAST Manual brewing methods fall under the artisanal brewing style of coffee. Roasting a coffee is also an art, we have developed this filter roast to maintain the quality while brewing over Pour over, Kalita, V60, Origami, April, Chemex. Please note that the best brewed with list is not comprehensive and does not dictate that the coffees cannot be brewed with any other methods. These are the the methods we think will extract the best possible cup. However, this coffee can be ground and enjoyed with any brew method that you desire. About the Process 84 Hours Yeast Inoculated Natural : The coffee undergoes a meticulous process beginning with selective harvesting—only ripe cherries are hand-picked, sometimes using ladders—and cleaned via flotation to remove low-density beans and debris. The cherries then undergo 84 hours of carbonic maceration fermentation, inoculated with Saccharomyces cerevisiae yeast to enhance flavor. After fermentation, the coffee is dried in a polyhouse, then moved to raised beds and raked regularly for even drying. Once moisture reaches 11–12%, the beans are carefully bagged for storage. About the Roast Medium Roast : At Subko, a Medium roast is one that is obtained by dropping the coffee lot at 201°-204°C. These roasts are generally of a sensory profile that is very smooth, caramel and complex tropical fruits. In terms of the Agtron scale, Subko's definition of medium lies between the points 60 to 74, with 74 being the lightest version of a medium roast, and 60 being the darkest version of the roast.",https://www.subko.coffee/products/mooleh-manay-coorg-karnataka-sicc-84-hours-yeast-inoculated-natural-medium-roast,https://cdn.shopify.com/s/files/1/0308/0857/1963/files/excelsa_Subko-Labels.png?v=1758526700,200g:1095.00; 200g:1095.00; 200g:1095.00; 200g:1095.00; 200g:1095.00; 200g:1095.00; 200g:1095.00; 200g:1095.00; 200g:1095.00; 200g:1095.00
Subko,"Sharab Series - Agave Barrel Aged Washed: Gandha, Andhra Pradesh | Arabica | Medium Roast",₹1300.0,INR,"Single Origin Arabica Microlot from Gandha, Andhra Pradesh, India Medium Roast (250g) Process : Agave Barrel Aged + Gurram Hand Washed Varietal: Arabica Agtron Meter: 65 Best Suited: Filter Roast Cupper's Notes: Melon, Peach Sorbet, Jaggery. Best Brewed With FILTER ROAST Manual brewing methods fall under the artisanal brewing style of coffee. Roasting a coffee is also an art, we have developed this filter roast to maintain the quality while brewing over Pour over, Kalita, V60, Origami, April, Chemex About the Process Agave Barrel Aged + Gurram Hand Washed This microlot from Gandha underwent a Washed process known as the ""Gurram Hand Wash,"" in which cherries were pulped post-fermentation and the mucilage was removed entirely by hand. Post-processing, the beans were aged for 77 days in Pistola Agave barrels. The result is a cup with spirit-like warmth, lifted by a clean, structured brightness from the Washed process, and rounded by a smooth, oaky finish. About the Roast Medium Roast : At Subko, a Medium roast is one that is obtained by dropping the coffee lot at 201°-204°C. These roasts are generally of a sensory profile that is very smooth, caramel and complex tropical fruits. In terms of the Agtron scale, Subko's definition of medium lies between the points 60 to 74, with 74 being the lightest version of a medium roast, and 60 being the darkest version of the roast.",https://www.subko.coffee/products/sharab-series-agave-barrel-aged-washed-gandha-andhra-pradesh-arabica-medium-roast,https://cdn.shopify.com/s/files/1/0308/0857/1963/files/pistola-mock.png?v=1774878564,250g:1300.00; 250g:1300.00; 250g:1300.00; 250g:1300.00; 250g:1300.00; 250g:1300.00; 250g:1300.00; 250g:1300.00; 250g:1300.00; 250g:1300.00
Subko,"Agave Barrel Aged 70% Single Origin Dark Chocolate: Subko VLGE, West Godavari, Andhra Pradesh",₹145.0,INR,"Our profile-roasted cacao nibs were patiently barrel-aged for 77 days in the same barrels, imbibing boozy and oaky flavor notes. We then caramelized the nibs with sugar and a touch of cacao butter, folded them into a single-origin 70% dark chocolate (Subko VLGE, West Godavari, Andhra Pradesh), and finished each bar with a sprinkle of those caramelized nibs for good measure. 0% ABV. 100% Fine Cacao. No salt or lime required. Producer : Subko VLGE Co-operative Cacao Origin : West Godavari, Andhra Pradesh Cacao Percentage: 70% Dark Chocolate Allergens : None (Vegan) Note: Orders below ₹2500 in value are subject to a shipping charge of ₹300. Coffee and chocolate orders above ₹2500 are applicable for free shipping. *Processed and Manufactured in a facility that processes Dairy, Gluten and Nuts",https://www.subko.coffee/products/agave-barrel-aged-70-single-origin-dark-chocolate-subko-vlge-west-godavari-andhra-pradesh,https://cdn.shopify.com/s/files/1/0308/0857/1963/files/Cacao_Full_Terroir.png?v=1775190924,60g:695.00; 35g:275.00; 15g:145.00
Subko,[Every Wednesday] The Pod Experience at The Cacao Mill: From The Farm to The Cacao Mill,₹945.0,INR,"What is the beginning of the journey that makes Real Chocolate… which eventually melts? The cracking open of the cacao pods. Sourced from the Indian Subcontinent, where transporting the pods from the farm to the city is a rarity. This is what makes Craft Chocolate. This is where it all begins. And you can observe the process at The Cacao Mill. From cacao plantations in diverse regions in India, to the Experiential Table at The Cacao Mill - cracked open in front of you to scoop out cacao pulp that holds the flavor which makes a complex, snappy bar of chocolate. Venue: The Cacao Mill, Colaba Dates:  Every Wednesday Timings:  11 AM onwards What to expect: The Pod Harvest Experience is a visual journey of the process of removal of pulp and then the beginning of the fermentation process. Once the pods are cracked open and the cacao pulp is removed, the pulp is transported to The Cacao Mill Fermentation Tank. As the Subko Cacao team loads the Fermentation Tank, golden elixir in the form of cacao juice starts to accumulate in the tank. Taste the cacao juice, and watch The Pod Experience unfold at The Cacao Mill. Terms and Conditions We love your company and we would be anticipating your arrival at least twenty minutes prior to the starting time. Tickets once purchased are non-refundable.",https://www.subko.coffee/products/every-wednesday-the-pod-experience-at-the-cacao-mill-from-the-farm-to-the-cacao-mill,https://cdn.shopify.com/s/files/1/0308/0857/1963/files/Podexperiencewebsite_1.png?v=1724392047,1st April 2026:945.00; 8th April 2026:945.00; 15th April 2026:945.00; 22nd April 2026:945.00; 29th April 2026:945.00
Subko,"Subko VLGE, Paderu, Andhra Pradesh | Gurram Hand Washed | Medium Roast",₹895.0,INR,"Single Origin Specialty Arabica from SUBKO VLGE, Paderu, Andhra Pradesh Medium Roast (250g) Process : Gurram Hand Washed Agtron Meter : 60 Altitude : 935 MASL Varietal : Sln. 9 Cupper's Notes: Honey, Walnuts, Brown Sugar Best Brewed With ESPRESSO ROAST Please note that the best brewed with list is not comprehensive and does not dictate that the coffees cannot be brewed with any other methods. These are the methods we think will extract the best possible cup. However, this coffee can be ground and enjoyed with any brew method that you desire. About the Process Gurram Hand Washed: The process, known as ""Gurram Hand Washed,"" involves a small tribal community using their bare hands to pulp coffee fruits after fermentation. They then wash or demucilage the coffee with their hands. Flavor Meter Cupper's Notes This coffee lot, roasted for an espresso brew or strong extraction, boasts a flavor profile reminiscent of sweet honey and walnuts, coupled with a heavy body. It features a prolonged, brown sugar-like finish and notes of caramel candy. The mellow, citric aftertaste is akin to that of a semi-ripe dragon fruit. About Subko VLGE: Co-operative Agriculture A sustainable, farm-to-table-to-farmer operation by Subko Founded by Subko Specialty Coffee Roasters and Craft Bakehouse, the Subko Co-op initiative finds its roots in the village of K. Thadiputtu in Andhra Pradesh. Concentrating its efforts on the holistic advancement of the 'Subko Village,' Subko Co-op has adopted a cluster comprising six tribal farmers from K. Thadiputtu village in Paderu, Andhra Pradesh. With a dedication to bringing these individuals to the forefront of the third wave of coffee, Subko Co-op seeks to not only empower these farmers but to also nurture growth within their entire community. This initiative is focused on tribal farmers who cultivate coffee on government-allotted lands. With an attention on driving direct trade, sustainability, and hyper-traceability, the initiative embodies a commitment",https://www.subko.coffee/products/lot-sv09,https://cdn.shopify.com/s/files/1/0308/0857/1963/files/VLGE_2fac6383-dcf0-4b54-a5d5-1453d6d4dae5.png?v=1715899593,Whole Bean:895.00; Manual Pourover (V60/Kalita):895.00; Espresso Machine:895.00; Channi:895.00; Cold Brew:895.00; Chemex:895.00; Moka Pot:895.00; South Indian Filter:895.00; Aeropress:895.00; French Press:895.00; Electric Drip Coffee Machine:895.00; Clever Dripper:895.00
Subko,Experimental: The Kashmiri Walnut Chocolate Chip Cookie Bar,₹620.0,INR,"Inspired by the Subko Bakehouse's classic chunky cookie, we recreated this experience in every bite of a 45% craft milk chocolate bar infused with Walnut Butter and with Walnut Cookie Chunks, Roasted Chopped Walnuts and Sea Salt folded in. Cacao Origin: Thekkinthandu, Kerala Chocolate Type: 45% Milk Chocolate Allergens: Contains Nuts and Dairy (Veg.) Note: Orders below ₹2500 in value are subject to a shipping charge of ₹300. Coffee and chocolate orders above ₹2500 are applicable for free shipping. *Processed and Manufactured in a facility that processes Dairy, Gluten and Nuts",https://www.subko.coffee/products/experimental-the-kashmiri-walnut-chocolate-chip-cookie-bar,https://cdn.shopify.com/s/files/1/0308/0857/1963/files/Experimentalyellow.png?v=1694605102,
Subko,Experimental: The Cold Brew Chocolate Tart Bar,₹620.0,INR,"The ultimate flavourful and textural Cold Brew Tart (CBT) experience in a craft chocolate bar, inspired by one of our first bakehouse creations. Featuring a Robusta Coffee Spread, made with Single Origin Coffee from Salawara Estate, Karnataka, Roasted Chopped Hazelnuts and a crisp Cacao Biscuit Base, all paired with a 70% Dark Chocolate shell made with Subko Cacao, this one's a delight. Coffee Origin: Salawara Estate, Karnataka Cacao Origin: West Godavari, Andhra Pradesh. Allergens: Contains Gluten, Nuts and Dairy Note: Orders below ₹2500 in value are subject to a shipping charge of ₹300. Coffee and chocolate orders above ₹2500 are applicable for free shipping. *Processed and Manufactured in a facility that processes Dairy, Gluten and Nuts",https://www.subko.coffee/products/experimental-the-cold-brew-chocolate-tart-bar,https://cdn.shopify.com/s/files/1/0308/0857/1963/products/Rectangle_1-8.png?v=1693835559,
Subko,"Beta Bites: Eclair Toffee, Reimagined (15 pcs)",₹535.0,INR,"An ode to the classic eclair toffee. But flipped into reverse gear. Chewy craft caramel on the inside, a rich layer of single origin cacao powered 70% Dark Chocolate from the Subcontinent on the outside. Inspired by the layered, sonic warmth of Peter Cat Recording Co., a band with the rare ability to imbibe feelings of modernity and nostalgia in unison. It's a nod to the chocolates of yore, reimagined for the craft present. For adults and kids alike. Because in the end, everybody is somebody's beta. Good Luck. Chocolate Type : 70% Dark Chocolate Fillings : Chewy Salted Caramel Cacao Origin : West Godavari, Andhra Pradesh Allergens : Contains Dairy (Veg.) Box Contents : 15 pcs/box Note: Orders below ₹2500 in value are subject to a shipping charge of ₹300. Coffee and chocolate orders above ₹2500 are applicable for free shipping. *Processed and Manufactured in a facility that processes Dairy, Gluten and Nuts",https://www.subko.coffee/products/beta-bites,https://cdn.shopify.com/s/files/1/0308/0857/1963/files/Eclairs_by_Subko_Coffee_Roasters_-_A_collaboration_with_Peter_Cat_Recording_Company.jpg?v=1741161745,
Subko,"Terroir (72% Dark): Lot #12 - Varanashi Farms, Mangalore, Karnataka (Single Origin Dark Chocolate)",₹145.0,INR,"This is a 72% dark chocolate bar, made with Fine Forastero Cacao that was selectively hand harvested, underwent a 6-day box fermentation, and a 7-day drying phase. The cacao beans were roasted light, hence creating tasting notes of Prune, Dessert Wine and Dark Cherry Cacao Origin: Varanashi Farms, Mangalore, Karnataka Cacao Percentage: 72% Dark Chocolate Roast Profile: Light Roast Tasting Notes: Prune, Dessert Wine, Dark Cherry Allergens : None (Vegan) Note: Orders below ₹2500 in value are subject to a shipping charge of ₹300. Coffee and chocolate orders above ₹2500 are applicable for free shipping. *Processed and Manufactured in a facility that processes Dairy, Gluten and Nuts",https://www.subko.coffee/products/terroir-72-dark-varanashi-farms-mangalore-karnataka-single-origin-dark-chocolate,https://cdn.shopify.com/s/files/1/0308/0857/1963/files/VaranashiFull_1.png?v=1708685885,60g:395.00; 30g:275.00; 15g:145.00
Subko,"Terroir (85% Dark): Mankuva, Konnathady, Kerala (Single Origin Dark Chocolate)",₹130.0,INR,"A 85% dark chocolate bar made with a special blend of two micro-lots, to give the chocolate a bouquet of flavors. The cacao beans were roasted medium, hence creating Floral notes along with Red Cherry and Maple. Cacao Origin: Mankuva, Konnathady, Kerala Roast Profile: Medium Roast Cacao Percentage: 85% Dark Chocolate Tasting Notes: Floral, Red Cherry and Maple Allergens : None (Vegan) Note: Orders below ₹2500 in value are subject to a shipping charge of ₹300. Coffee and chocolate orders above ₹2500 are applicable for free shipping. *Processed and Manufactured in a facility that processes Dairy, Gluten and Nuts",https://www.subko.coffee/products/terroir-70-dark-mankuva-konnathady-kerala-single-origin-dark-chocolate-copy,https://cdn.shopify.com/s/files/1/0308/0857/1963/files/Mankuva.jpg?v=1742388407,60g:355.00; 30g:245.00; 15g:130.00
Subko,Subko x Sienna: Ceramic Ware - Cappuccino (236 ML),₹785.0,INR,"Custom made, volumetrically designed Ceramic Cup for Cappuccino with 24K gold decal detail in the interior rim. This ceramic ware is utilized to serve Cappuccino at Subko (236ml). Price includes GST and Packaging.",https://www.subko.coffee/products/subko-x-sienna-ceramic-ware-latte-236-ml,https://cdn.shopify.com/s/files/1/0308/0857/1963/files/Frame6_58fc8a9c-eda8-4a03-9fde-7bdfe72c3314.png?v=1684821089,
Subko,Subko x Sienna: Ceramic Ware - Latte (300 ML),₹785.0,INR,"Custom made, volumetrically designed Ceramic Cup for Cappuccino with 24K gold decal detail in the interior rim. This ceramic ware is utilized to serve Latte at Subko (300ml). Price includes GST and Packaging.",https://www.subko.coffee/products/subko-x-sienna-ceramic-ware-latte-300-ml,https://cdn.shopify.com/s/files/1/0308/0857/1963/files/Frame5_888fcf6b-c59a-4801-b08b-9cf7380143b0.png?v=1684821198,
Subko,Taufah Box (Large),₹390.0,INR,,https://www.subko.coffee/products/taufah-box-large,https://cdn.shopify.com/s/files/1/0308/0857/1963/files/Taufah_Box_Large_c52cf710-188e-45ba-876e-de6d79bfa9db.jpg?v=1740452045,
Subko,Taufah Box (Small),₹330.0,INR,,https://www.subko.coffee/products/taufah-box-small,https://cdn.shopify.com/s/files/1/0308/0857/1963/files/Taufah_Box_Small_243176f3-03ce-4128-825d-a18b4206d86d.jpg?v=1740406500,
Subko,Subko Taufah Box,₹330.0,INR,"Dimension:  8cm x 8cm x 4cm (length, breadth, depth) This box is perfect for 2-3 medium sized products. This isn't ideal for merchandised products. Dimensions: 10.25cm x 10.25cm x 4cm (Length, breadth, depth) This box is perfect for 4-6 medium sized products, including merchandise. This isn't ideal for smaller products which are lesser than 4 units. Taufah is the ultimate gift for every occasion, offering bespoke bundles that combine premium chocolates and specialty coffee for a truly indulgent experience. Show your appreciation and share the magic of Subko (which is ""Sub ke lie"") with a gift box that’s meant to be enjoyed, shared, and cherished. What's included: •⁠  ⁠Taufah Box (Big/Small) •⁠  Gift/⁠Post card Please email business.development@subko.coffee or WhatsApp +91 88799 00497 if you have any queries regarding sizing of the Taufah box to be gifted to your love one.",https://www.subko.coffee/products/taufah-valentine-sleeve-1,https://cdn.shopify.com/s/files/1/0308/0857/1963/files/265177A4-363D-4EC5-8DEC-84BADA9BFEC1_1.png?v=1768816870,Small:330.00; Large:390.00
Subko,"Terroir (73% Dark): Subko VLGE Co-op, West Godavari, Andhra Pradesh (Single Origin Dark Chocolate)",₹130.0,INR,"A 73% dark chocolate bar made with Fine Forastero Cacao that was selectively hand harvested, underwent a 7 days fermentation & a 10 day drying phase. The cacao beans were roasted dark, hence creating tasting notes of Blueberry, Dates and Black Tea. Producer : Subko VLGE Co-operative Cacao Origin: West Godavari, Andhra Pradesh Roast Profile : Dark Roast Cacao Percentage : 73% Dark Chocolate Tasting Notes: Blueberry, Dates and Black Tea Allergens: None (Vegan) Note: Orders below ₹2500 in value are subject to a shipping charge of ₹300. Coffee and chocolate orders above ₹2500 are applicable for free shipping. *Processed and Manufactured in a facility that processes Dairy, Gluten and Nuts",https://www.subko.coffee/products/terroir-70-dark-subko-vlge-godavari-andhra-pradesh-single-origin-dark-chocolate,https://cdn.shopify.com/s/files/1/0308/0857/1963/files/Frame_19.png?v=1730980903,60g:355.00; 30g:245.00; 15g:130.00
Subko,Coated: Curry Leaf Infused White Chocolate Coated Cashews,₹530.0,INR,"Subko Cacao's White Chocolate (made with Cacao from Subko VLGE Cooperative, West Godavari, Andhra Pradesh) is infused with Desi Ghee and Curry Leaves from Maharashtra and meticulously coated around Roasted Salted Cashews from Andhra, bringing a hint of your grandmother's kitchen to Subko Cacao. Chocolate Type : 39% Curry Leaf Infused White Chocolate Base : Roasted Salted Cashews Cacao Origin : West Godavari, Andhra Pradesh Allergens : Contains Nuts and Dairy (Veg.) Note: Orders below ₹2500 in value are subject to a shipping charge of ₹300. Coffee and chocolate orders above ₹2500 are applicable for free shipping.",https://www.subko.coffee/products/coated-curry-leaf-infused-white-chocolate-coated-cashews,https://cdn.shopify.com/s/files/1/0308/0857/1963/files/CURRYLEAFCOATEDWHITECHOCOLATECASHEWS_ELEMENTS_PACKAGING01_1_1.jpg?v=1728647636,250g:800.00; 120g:530.00
Subko,The Subko Tote V2 : Specialty Robusta Edition,₹795.0,INR,"The Tote; sturdy, practical, cotton canvas bag that is made to last. Reintroduced in original form, with a transfer printed Subko's Specialty Robusta Stamp. Product Specifications: Dimensions : 16 inches Height x 13.5 inches Width Fabric : Cotton Canvas Printing Technique : Transfer Print Please note: Cost includes shipping and will be shipped separately from the rest of the order. It will take 3-5 days to deliver.",https://www.subko.coffee/products/subko-tote-bag-v1-pan-india,https://cdn.shopify.com/s/files/1/0308/0857/1963/products/SpecialtyRobustaTote_5d7ced4b-1949-41d7-8269-fd6f66c231b4.png?v=1653545029,
Subko,The Subko Cacao Tote,₹795.0,INR,"The Tote; sturdy, practical, cotton canvas bag that is made to last. Reintroduced in original form, with a transfer printed Indian Cacao Pod & Indian Cacao Bean Cross Section in either face. Product Specifications: Dimensions : 16 inches Height x 13.5 inches Width Fabric : Cotton Canvas Printing Technique : Transfer Print Please note: Cost includes shipping and will be shipped separately from the rest of the order. It will take 3-5 days to deliver.",https://www.subko.coffee/products/the-subko-cacao-tote-the-indian-cacao-pod-indian-cacao-bean-cross-section-tote,https://cdn.shopify.com/s/files/1/0308/0857/1963/files/3_2.png?v=1728378091,
Subko,The Subko Croissant Tote,₹795.0,INR,"The Tote; sturdy, practical, cotton canvas bag that is made to last. Reintroduced in original form, with a transfer printed Subko Medallion and Croissant on either face. Product Specifications: Dimensions : 16 inches Height x 13.5 inches Width Fabric : Cotton Canvas Printing Technique : Transfer Print Please note: Cost includes shipping and will be shipped separately from the rest of the order. It will take 3-5 days to deliver.",https://www.subko.coffee/products/subko-tote-bag-v1,https://cdn.shopify.com/s/files/1/0308/0857/1963/files/2_1.png?v=1728378933,
Subko,[4 Days A Week] DYOC: Dip Your Own Cookie / Croissant,₹395.0,INR,"Dip Your Own Cookie/Croissant is a customisable cookie and croissant experience with rotational toppings that you can layer onto your creation, guided by our Craft Chocolate experts at The Cacao Mill. Rotational toppings that you can layer onto your creation, guided by our Craft Chocolate experts at The Cacao Mill. Think of a chocolate fountain, cascading with different types of Craft Chocolate, and watch the stream coat your preferred cookie or croissant. Date: Every Tuesday, Thursday, Saturday and Sunday Time: 11:00 am to 9:00 pm Venue: The Cacao Mill, Colaba WHAT TO EXPECT? We like getting our hands messy at Subko Cacao, and we like it even better when our creations from the Subko Bakehouse get messy with us. Step 1: Choose your Cookie or Croissant Like to keep things classic? Stick to our Subko Signature Croissant, or choose from the Kashmiri Walnut Sea Salt Chocochip Cookie or the Bandra Baby Cookie. Step 2: Pick Your Chocolate How dark do you like your chocolate to be? Not too much? We got you either way. Choose your preferred tempered chocolate from three versions: 70% Dark Chocolate, 45% Milk Chocolate, 39% White Chocolate - all from West Godavari, Andhra Pradesh. Step 3: Add Toppings The Cacao Mill’s your oyster. Pick from a set of rotational toppings to adorn your cookie/croissant with. Step 4: Devour your customized creation Terms and Conditions We love your company and we would be anticipating your arrival at least twenty minutes prior to the starting time. Tickets once purchased are non-refundable.",https://www.subko.coffee/products/every-weekend-dyoc-dip-your-own-cookie-croissant,https://cdn.shopify.com/s/files/1/0308/0857/1963/files/cover.png?v=1774601685,2nd April:395.00; 4th April:395.00; 5th April:395.00; 7th April:395.00; 9th April:395.00; 11th April:395.00; 12th April:395.00; 14th April:395.00; 16th April:395.00; 18th April:395.00; 19th April:395.00; 21st April:395.00; 23rd April:395.00; 25th April:395.00; 26th April:395.00; 28th April:395.00; 30th April:395.00
Subko,Subko x Sienna: Ceramic Ware - Espresso (80 ML),₹555.0,INR,"Custom made, volumetrically designed Ceramic Cup for Espresso with 24K gold decal detail in the interior rim. This ceramic ware is utilized to serve Espresso at Subko (80ml). Price includes GST and Packaging.",https://www.subko.coffee/products/subko-x-sienna-ceramic-ware-espresso-80-ml,https://cdn.shopify.com/s/files/1/0308/0857/1963/files/Frame10_110a9c5c-4bf8-430f-8ec7-c209dfc92dc4.png?v=1684826280,
Subko,Subko x Sienna: Ceramic Ware - Flat White (200 ML),₹545.0,INR,"Custom made, volumetrically designed Ceramic Cup for Espresso with 24K gold decal detail in the interior rim. This ceramic ware is utilized to serve Flat White at Subko (200 MLl). Price includes GST and Packaging.",https://www.subko.coffee/products/subko-x-sienna-ceramic-ware-flat-white-200-ml,https://cdn.shopify.com/s/files/1/0308/0857/1963/files/Frame8_5498cb57-0b65-4418-8238-a188ca813ab4.png?v=1684821860,
Subko,Filled: NUTS FOR NOUGAT,₹355.0,INR,"Nuts for Nougat (formerly SREKCINS) is a craft re-imagination of a nutty, crunchy, caramelly childhood classic featuring a house-made Peanut Nougat, a crunchy Peanut Praline using local Boriya Peanuts finished wi th a Chewy Caramel, all encased in a 70% Dark Chocolate shell made with Subko Cacao. Fillings: Peanut Nougat, Peanut Praline, Chewy Caramel Allergens: Contains Egg, Nuts and Dairy (Non-Veg.) Note: Orders below ₹2500 in value are subject to a shipping charge of ₹300. Coffee and chocolate orders above ₹2500 are applicable for free shipping. *Processed and Manufactured in a facility that processes Dairy, Gluten and Nuts",https://www.subko.coffee/products/filled-nutsfornougat-subko-filled-bar,https://cdn.shopify.com/s/files/1/0308/0857/1963/files/Rectangle_1-26-min_53308506-a53d-4702-bda2-5f67b6e76972.png?v=1707477271,
Subko,FILLED : FANCY PB & C,₹395.0,INR,"Fancy PB & C (formerly SESEER) is a craft re-imagination of a peanut butter cup that we all grew up with. Featuring a house-made Chocolate Peanut Gianduja and a Peanut Butter Filling inside a 70% Dark Chocolate shell made with Subko Cacao. Fillings: Peanut Butter Filling, Chocolate Peanut Gianduja Allergens: Contains Nuts and Dairy (Veg.) Note: Orders below ₹2500 in value are subject to a shipping charge of ₹300. Coffee and chocolate orders above ₹2500 are applicable for free shipping. *Processed and Manufactured in a facility that processes Dairy, Gluten and Nuts",https://www.subko.coffee/products/fancy-pbandc-subko-filled-bar,https://cdn.shopify.com/s/files/1/0308/0857/1963/files/purple-filled-min_58959cc5-c5a3-40b7-9176-0de85b995fe7.webp?v=1709648559,
Subko,NUTS FOR NOUGAT : FILLED BAR,₹395.0,INR,"Nuts for Nougat (formerly SREKCINS) is a craft re-imagination of a nutty, crunchy, caramelly childhood classic featuring a house-made Peanut Nougat, a crunchy Peanut Praline using local Boriya Peanuts finished wi th a Chewy Caramel, all encased in a 70% Dark Chocolate shell made with Subko Cacao. Fillings: Peanut Nougat, Peanut Praline, Chewy Caramel Allergens: Contains Egg, Nuts and Dairy (Non-Veg.) Note: Orders below ₹2500 in value are subject to a shipping charge of ₹300. Coffee and chocolate orders above ₹2500 are applicable for free shipping. *Processed and Manufactured in a facility that processes Dairy, Gluten and Nuts",https://www.subko.coffee/products/nutsfornougat-subko-filled-bar,https://cdn.shopify.com/s/files/1/0308/0857/1963/files/green-filled-square-2-min.webp?v=1709648869,
Subko,"Spread: Milk (Palm-oil free, Hazelnut based Milk Chocolate Spread)",₹710.0,INR,"This is a hazelnut based milk chocolate spread made with hyper-traceable, locally sourced ingredients, no palm-oil and single-origin Cacao, blending them with our experimental prowess and unwavering commitment to quality. This is Subko Cacao’s version of a spreadable Rocher, with Turkish Hazelnuts and single-origin cacao sourced from Kaithapara, Kerala. Can be spread on toasts, biscuits, cakes, topped on to pancakes, added to smoothies, or eaten as is by the spoon! Cacao Origin: Kaithapara, Kerala Allergens : Contains Dairy and Nuts (Veg.) Note: Orders below ₹2500 in value are subject to a shipping charge of ₹300. Coffee and chocolate orders above ₹2500 are applicable for free shipping. *Processed and Manufactured in a facility that processes Dairy, Gluten and Nuts",https://www.subko.coffee/products/spread-milk-kaithapara-manayathadom-kerala,https://cdn.shopify.com/s/files/1/0308/0857/1963/files/spreadmilk.png?v=1738584273,
Subko,Let's Chocolate [Pan-India],₹899.0,INR,"A photobook made in collaboration with photographer Rid Burman and multidisciplinary artist Aniruddh Mehta. Photographed in this book are the humans who construct the infrastructure & assemble machines that are required for an artisan chocolate factory to exist. A raw, unfiltered book with honest faces; and messy too. Pages : 38 Pages Incl. Cover Close Size : 7.72"" (W) x 9.88"" (H) About the Artists Rid Burman Rid Burman is a photographer born in India in the early 80s. He has his roots in a family of sculptors and painters. Naturally, art has always been a priority in Burman's approach to photography. After graduating from the Brooks Institute of Photography in California in 2000, Burman moved to New York and worked as an assistant for Steven Klein and Mark Seliger. He returned to India in 2008 and started collaborating with with prestigious brands, also with magazines such as Elle and Vogue to name a very few. He has a certain propensity to create unique stories and a vision of his own. Always on the move, Burman works between Paris, New York and Mumbai, constantly exploring new ideas, new places, drawing on the abundant inspirations of his Eastern and Western philosophies. Aniruddh Mehta Aniruddh Mehta is an Artist and a Designer based in Mumbai, India. His work ranges from traditional graphic design as well as digital and new media arts. His practices traverse through various mediums with a common theme rooted in precise organization. He is the founder of Studio Bigfat - a multi-disciplinary design studio focusing on a broad spectrum of design areas such as Branding, Packaging, Brand Strategy, Graphic Design, Digital Illustration and Motion Design. The studio has worked with a long list of clientele; some of which includes Facebook, Puma, Apple, Gates Foundation, LVMH, Subko Coffee, etc. Please note: Cost includes shipping and will be shipped separately from the rest of the order. It will take 3-5 days to deliver.",https://www.subko.coffee/products/lets-chocolate-pan-india,https://cdn.shopify.com/s/files/1/0308/0857/1963/files/Maskgroup-3_66cb8d1b-6975-4772-a418-b72a261d8ffa.png?v=1697815082,
Subko,Dark/Milk/White Series: The Salty One (65% Dark),₹130.0,INR,"A traceable, Himalayan Pink Salt infused 65% dark chocolate bar, made with a blend of cacao beans sourced from West Godavari, Andhra Pradesh Cacao Percentage: 65% Dark Chocolate Allergens : None (Vegan) Note: Orders below ₹2500 in value are subject to a shipping charge of ₹300. Coffee and chocolate orders above ₹2500 are applicable for free shipping. *Processed and Manufactured in a facility that processes Dairy, Gluten and Nuts",https://www.subko.coffee/products/dark-milk-white-the-salty-one,https://cdn.shopify.com/s/files/1/0308/0857/1963/files/thesaltyone2.png?v=1738587515,60g:355.00; 30g:245.00; 15g:130.00
Subko,Filled: CARAMELISCUIT,₹355.0,INR,"Carameliscuit (formerly XIWT) is a craft re-imagination of the crunchy, biscuity bar that we grew up eating. Featuring a house-made Gluten Free Crunchy Biscuit and a Soft Salted Caramel, encased in a 70% Dark Chocolate shell made with Subko Cacao. Fillings: Gluten Free Crunchy Biscuit, Soft Salted Caramel Allergens : Contains Nuts and Dairy (Veg.) Note: Orders below ₹2500 in value are subject to a shipping charge of ₹300. Coffee and chocolate orders above ₹2500 are applicable for free shipping. *Processed and Manufactured in a facility that processes Dairy, Gluten and Nuts",https://www.subko.coffee/products/filled-carameliscuit,https://cdn.shopify.com/s/files/1/0308/0857/1963/files/filled-blue-square-min_b8a363fa-e20d-4216-b3f0-3a7b803cc8ed.webp?v=1709648439,
Subko,Filled: FANCY PB&C,₹355.0,INR,"A craft re-imagination of a peanut butter cup that we all grew up with. Featuring a house-made Chocolate Peanut Gianduja and a Peanut Butter Filling inside a 70% Dark Chocolate shell made with Subko Cacao. Fillings: Peanut Butter Filling, Chocolate Peanut Gianduja Allergens: Contains Nuts and Dairy (Veg.) Note: Orders below ₹2500 in value are subject to a shipping charge of ₹300. Coffee and chocolate orders above ₹2500 are applicable for free shipping. *Processed and Manufactured in a facility that processes Dairy, Gluten and Nuts",https://www.subko.coffee/products/filled-fancypbandc,https://cdn.shopify.com/s/files/1/0308/0857/1963/files/purple-filled-min_9b7288d1-766a-408b-b349-5f48b83f58e4.webp?v=1709648435,
Subko,Dark/Milk/White Series: The Vanilla White Bar (36% White),₹150.0,INR,"A gourmet white chocolate bar, made with traceable A2 skimmed milk powder obtained from the milk of Gir Cows indigenous to the Indian Subcontinent, raised at Native Farms, Maharashtra, single origin cacao butter from Andhra Pradesh Cacao Butter Origin: Andhra Pradesh Allergens : Contains Dairy (Veg.) Note: Orders below ₹2500 in value are subject to a shipping charge of ₹300. Coffee and chocolate orders above ₹2500 are applicable for free shipping. *Processed and Manufactured in a facility that processes Dairy, Gluten and Nuts",https://www.subko.coffee/products/dark-milk-white-the-vanilla-white-bar,https://cdn.shopify.com/s/files/1/0308/0857/1963/files/classiconewhite.png?v=1738587515,60g:400.00; 30g:265.00; 15g:150.00
Subko,Dark/Milk/White Series: The Flat White (37% White),₹150.0,INR,"The absurd prospect of a milk-based espresso beverage, as a single-origin gourmet chocolate bar? We made it happen. Featuring a ‘coffee white chocolate’ bar, made using traceable, single-origin A2 Milk Powder from Native farms, Maharashtra, and a single-origin specialty arabica microlot coffee from Ratnagiri Estate (Project Pearl) folded into the white chocolate. Cacao Butter Origin: Kaithapara, Kerala Coffee Origin: Ratnagiri Estate (Project Pearl), Chikmagalur, Karnataka Allergens : Contains Dairy (Veg.) Note: Orders below ₹2500 in value are subject to a shipping charge of ₹300. Coffee and chocolate orders above ₹2500 are applicable for free shipping. *Processed and Manufactured in a facility that processes Dairy, Gluten and Nuts",https://www.subko.coffee/products/dark-milk-white-the-flat-white,https://cdn.shopify.com/s/files/1/0308/0857/1963/files/FlatWhiteBat.png?v=1738587515,60g:400.00; 30g:265.00; 15g:150.00
Subko,Dark/Milk/White Series: The Classic One (45% Milk),₹130.0,INR,"A 45% milk chocolate bar that harkens to the memory of a classic chocolate experience, with the Subko Cacao signature. Featuring single origin forastero cacao from Thekkinthandu, Kerala and fully traceable A2 Milk Powder co-developed and sourced from Native Farms, Maharashtra. Cacao Origin: Thekkinthandu, Kerala Cacao Percentage: 45% Milk Chocolate Allergens : Contains Dairy (Veg.) Note: Orders below ₹2500 in value are subject to a shipping charge of ₹300. Coffee and chocolate orders above ₹2500 are applicable for free shipping. *Processed and Manufactured in a facility that processes Dairy, Gluten and Nuts",https://www.subko.coffee/products/dark-milk-white-the-classic-one,https://cdn.shopify.com/s/files/1/0308/0857/1963/products/Rectangle_1-33.png?v=1738587515,60g:355.00; 30g:245.00; 15g:130.00
Subko,Coated: Podi Milk Chocolate Almonds,₹595.0,INR,"We blended South Indian Mulagapodi Gunpowder Masala with our specialty milk chocolate to create our version of Mexican Chilli Chocolate. Embracing our desi roots, we've infused traceable house-made Podi Masala into our Single Origin 45% Milk Chocolate made with  cacao sourced from Thekkinthandu, Kerala. And to complete this culinary equation, we've placed roasted almonds at the centre. Prepare for an oscillating flavour experience, between spicy and sweet. Chocolate Type: 45% Podi Infused Milk Chocolate Base: Roasted California Almonds Cacao Origin: Thekkinthandu, Kerala Allergens: Contains Nuts and Dairy (Veg.) Note: Orders below ₹2500 in value are subject to a shipping charge of ₹300. Coffee and chocolate orders above ₹2500 are applicable for free shipping. *Processed and Manufactured in a facility that processes Dairy, Gluten and Nuts",https://www.subko.coffee/products/coated-podi-milk-chocolate-coated-almonds,https://cdn.shopify.com/s/files/1/0308/0857/1963/files/Rectangle_1-15_4cd677a9-3edd-4e74-bf78-33d8f16b264c.png?v=1734356116,250g:895.00; 120g:595.00
Subko,Big Cube: Pista Cherry,₹265.0,INR,"This one is called the Pista Cherry, with pistachio and cherry being the pi è ce-de-r ésistance of this curation. The richness of our in-house Pistachio Butter complements the tangy flavour of our house-made Cherry Jam, all encapsulated within a 70% Dark Chocolate shell made with Subko Cacao. Fillings: Roasted Pistachio, Pistachio Butter, Cherry Jam Allergens: Contains Nuts and Dairy (Veg.) Note: Orders below ₹2500 in value are subject to a shipping charge of ₹300. Coffee and chocolate orders above ₹2500 are applicable for free shipping. *Processed and Manufactured in a facility that processes Dairy, Gluten and Nuts",https://www.subko.coffee/products/big-cube-pista-cherry,https://cdn.shopify.com/s/files/1/0308/0857/1963/files/pista-cherry-56.png?v=1709907260,
Subko,Big Cube: PB&J,₹265.0,INR,"This rendition features the classic pairing of PB & J, but this time it's with chocolate. The creamy, nutty notes of our house-made Peanut Butter made with local Boriya Peanuts meet the bright sweetness of Raspberry Jam, all encased in a 70% Dark Chocolate shell made with Subko Cacao. Fillings: Creamy Peanut Butter, Tart Raspberry Jam Allergens: Contains Nuts (Vegan) Note: Orders below ₹2500 in value are subject to a shipping charge of ₹300. Coffee and chocolate orders above ₹2500 are applicable for free shipping. *Processed and Manufactured in a facility that processes Dairy, Gluten and Nuts",https://www.subko.coffee/products/big-cube-pb-j,https://cdn.shopify.com/s/files/1/0308/0857/1963/files/pbj-56.png?v=1709907255,
Subko,Big Cube: Faux Rocher,₹265.0,INR,"Presenting the 'Faux Rocher,' an homage to the iconic Ferrero Rocher, crafted with the classic chocolate and hazelnut flavour combination. Within these cubes, one can find a fusion of a White and Dark Chocolate Hazelnut Spread with some finely chopped Roasted Hazelnuts. At the heart of this cube is a chocolate coated hazelnut, all encased in a 70% Dark Chocolate Shell made with Subko Cacao. Fillings: Roasted Hazelnuts, White and Dark Hazelnut Spread Allergens : Contains Nuts and Dairy (Veg.) Note: Orders below ₹2500 in value are subject to a shipping charge of ₹300. Coffee and chocolate orders above ₹2500 are applicable for free shipping. *Processed and Manufactured in a facility that processes Dairy, Gluten and Nuts",https://www.subko.coffee/products/big-cube-faux-rocher,https://cdn.shopify.com/s/files/1/0308/0857/1963/files/faux-cherry-56.png?v=1709907253,
Subko,Big Cube: Almond Sea Buckthorn,₹265.0,INR,"In this rendition of Big Cubes, we proudly showcase a tangy Sea Buckthorn Jam, made with sea buckthorn that has been meticulously sourced from Leh/Ladakh as an integral facet of Project Roots in collaboration with Chef Prateek Sadhu. Nestled within, you'll discover an Almond Praline Filling, crafted to harmonize with the sweet and sour notes of the jam. All of these elements are enclosed within a shell of 70% Dark Chocolate made with Subko Cacao. Fillings: Tangy Himalayan Jam, Chunky Almond Filling Allergens : Contains Nuts and Dairy (Veg.) Note: Orders below ₹2500 in value are subject to a shipping charge of ₹300. Coffee and chocolate orders above ₹2500 are applicable for free shipping. *Processed and Manufactured in a facility that processes Dairy, Gluten and Nuts",https://www.subko.coffee/products/big-cube-almond-sea-buckthorn,https://cdn.shopify.com/s/files/1/0308/0857/1963/files/almond-seabuckthorn-56.png?v=1709907250,
Subko,Insaaniyat: The Quality of Being. A Subko Photobook.,₹1499.0,INR,"""Insaaniyat"" is a photobook capturing the humanity at the intersection of craft, coffee, and creative pursuits. It was shot and made on Film, by Subko Coffee's creative arm, Studio Substance.",https://www.subko.coffee/products/insaaniyat-the-quality-of-being-a-subko-photobook,https://cdn.shopify.com/s/files/1/0308/0857/1963/files/3-insaaniyat.jpg?v=1686833783,
Subko,The Subko Can Glass: Project Sankalp,₹795.0,INR,"Project Sankalp: A Female Smallholder farmer raising coffee cherry in hand (An homage to the women-led cooperative in Pulney’s, Tamil Nadu led by our Processing Partner @waribok_daribok Product Specifications Dimensions: 11 in Height x 3 in Width Volume: 250 ml Printing Technique: Screen Print (White Ink) ------------------------------------------",https://www.subko.coffee/products/the-subko-can-glass-project-sankalp-bombay-hyperlocal,https://cdn.shopify.com/s/files/1/0308/0857/1963/products/Sankalp-Hand_567fff50-4b6b-43e0-85cf-7c802a7372ab.png?v=1671806957,
Subko,The Subko Can Glass: Croissant (Wo)man,₹795.0,INR,Croissant (Wo)man: The flaky Subko Croissant on Legs Product Specifications Dimensions: 11 in Height x 3 in Width Volume: 250 ml Printing Technique: Screen Print (White Ink) ------------------------------------------,https://www.subko.coffee/products/the-subko-can-glass-laila-queen-of-mary-lodge-bombay-hyperlocal,https://cdn.shopify.com/s/files/1/0308/0857/1963/products/Croissant-Man_95229c12-7b15-4c8a-a2d1-f88552fe15d6.png?v=1671806670,
Subko,The Specialty Robusta Tote,₹795.0,INR,Product Specifications: Dimensions : 16 inches Height x 13.5 inches Width Fabric : Cotton Canvas Printing Technique : Transfer Print Please note: Cost includes shipping and will be shipped separately from the rest of the order. It will take 3-5 days to deliver.,https://www.subko.coffee/products/specialty-robusta-tote,https://cdn.shopify.com/s/files/1/0308/0857/1963/files/1_2.png?v=1728378092,
Subko,I Would Like A Croissant: A Photobook,₹995.0,INR,"It has long been believed that ‘craft’ had spatial limitations; that outside of the 5th arrondissement, and Byculla of all places, a croissant rooted in ‘craft’ philosophy was a chimera; This photobook is evidence, irony, and beyond belief, all at once. Rid Burman’s allegorical projection of craft intersecting the unlikeliest of places. Please note: Cost includes shipping and will be shipped separately from the rest of the order. It will take 3-5 days to deliver.",https://www.subko.coffee/products/i-would-like-a-croissant-pan-india,https://cdn.shopify.com/s/files/1/0308/0857/1963/products/Screenshot2022-12-23at8.48.58PM.png?v=1671808744,
Subko,Aeropress Go,₹3850.0,INR,"The AeroPress Go is slightly smaller in volume compared to the regular AeroPress for maximum portability and fits perfectly on to its mug whilst brewing. The AeroPress Go brews American, Espresso, and Cold Brew style coffee that can be enjoyed as is or used in a wide range of energizing and refreshing drinks. Optimized for traveling, camping, boating or just at work. The AeroPress Go brews hot coffee in about 1 minute or cold brew coffee in around 2 minutes. Includes: Mug with lid , Chamber, Plunger, Filter cap, Filter holder, Stirrer and scoop Material Specifications: Food-Safe polypropylene that is free of BPA and phthalates. The lid and plunger seal are both made of silicone and the filters are made of paper.",https://www.subko.coffee/products/aeropress-go-pan-india,https://cdn.shopify.com/s/files/1/0308/0857/1963/products/DSC_0334_b1dffd58-1cbb-4c52-aeb3-16bd7673044a.jpg?v=1632401733,
Subko,Hario V60 Paper Filters Size 02,₹499.0,INR,"Hario V60 Size 02 Tabbed Paper Coffee Filters are cone-shaped white paper filters designed to be used with Hario's V60 Pour-over Brewer. These filters are compatible with the 02 type dripper, typically suited to make 1-4 cups of coffee. They are made with 100% oxygen bleached paper pulp. They produce a clean, flavourful, sediment-free cup. Each filter is for a single time use only. Specifications: • Quantity: 100 white paper filters per pack • Shape: cone shaped",https://www.subko.coffee/products/hario-v60-paper-filters-size-02-pan-india,https://cdn.shopify.com/s/files/1/0308/0857/1963/products/hario_papierfilter_01_vcf_01_100w58b98ea8dfc83_21e27f61-dfd0-4d4d-9884-ed27f67eb0ad.jpg?v=1632294412,
Subko,Kalita Wave 155 Dripper,₹3500.0,INR,A stainless steel flat-bottomed dripper with three holes. Contact between the dripper and the filter is kept to a minimum to encourage smooth coffee extraction. The Kalita Wave dripper allows beginners and professionals alike to make a delicious cup of coffee. Specifications: • Material: Stainless Steel • Recommended Filters: Kalita Filters #155 • Care: Hand wash recommended,https://www.subko.coffee/products/kalita-wave-155-dripper-pan-india,https://cdn.shopify.com/s/files/1/0308/0857/1963/products/EMG-2864_aa663d70-5af0-4df3-b3e4-53008144deec.png?v=1624298579,
Subko,Kalita Filters #155,₹950.0,INR,"Kalita coffee filters use high-grade filter paper to ensure a proper extraction from your pourover brewing setup. The thoughtful design keeps the coffee filter slightly suspended above the bottom of the coffee brewer to help funnel water contact away from the outer wall of the dripper. We recommend pre-soaking the coffee filter to prevent it from shifting while brewing. Specifications: • Quantity: 100 white paper filters per box • Shape: cone shaped, flat bottom",https://www.subko.coffee/products/kalita-filters-155-pan-india,https://cdn.shopify.com/s/files/1/0308/0857/1963/products/filters2_77fd6b11-e9c6-4de8-b929-2cfa94b0e9b3.png?v=1624293966,
Subko,"Longevity Jar (Jar only, No Beans)",₹495.0,INR,"Subko's philosophy merges lot-wise roasting, consistent cup quality control, and hyper traceability to all the Specialty Coffee Associations green and roasted bean standards. This humble specially screen printed bottle can store your beans in an airtight environment, help maximise shelf life, and preserve aromatics and flavours of your whole beans or grounds.",https://www.subko.coffee/products/longevity-jar-250gm,https://cdn.shopify.com/s/files/1/0308/0857/1963/products/EMG-2851_aacb1933-a0e5-49c0-9f69-ab3eaab1deed.jpg?v=1618553437,
Subko,Kalita Filters #185,₹1228.0,INR,"Kalita coffee filters use high-grade filter paper to ensure a proper extraction from your pourover brewing setup. The thoughtful design keeps the coffee filter slightly suspended above the bottom of the coffee brewer to help funnel water contact away from the outer wall of the dripper. We recommend pre-soaking the coffee filter to prevent it from shifting while brewing. Specifications: • Quantity: 100 white paper filters per box • Shape: cone shaped, flat bottom • 7.25 inch diameter",https://www.subko.coffee/products/kalita-filter-pan-india,https://cdn.shopify.com/s/files/1/0308/0857/1963/products/filters2_be8ec9b1-bfc7-4a34-9c51-8191b2a7490b.png?v=1613648349,
Subko,Origami Coffee Dripper,₹3500.0,INR,"The Origami Dripper is inspired by the Japanese art of folding paper that it’s named after. Made with Mino Porcelain, the dripper is made up of 20 channels which allow you to use both Kalita Wave and V60 Filter Paper while keeping the brewing process smooth and clog-free, giving great control over the dripping speed. The acrylic dripper holder base plate is designed separately to prevent any heat loss during the brewing process. NOTE: A crylic dripper holder base plate included. Specifications: • Material: Porcelain • Recommended Filters: Hario V60 #2 or Kalita Filters #185 • Heatproof Temperature: 120 degree celsius • Care: Dishwasher safe, hand wash recommended.",https://www.subko.coffee/products/origami-pan-india,https://cdn.shopify.com/s/files/1/0308/0857/1963/products/EMG0.jpg?v=1617263602,Turquoise:3500.00; Pink:3500.00; Orange:3500.00
